project_url,proj_failed,n_developers,n_windows,avg_community_smells,avg_trad_smells,avg_ml_smells,avg_vuln,avg_turnover,avg_truck,avg_churn,avg_commits,avg_smelly_devs,avg_st_congruence,avg_density,avg_smelly_quitters
https://github.com/1989Ryan/Semantic_SLAM.git,1,1,4,1.0,3.5,0.25,0.5,0.0,0.0,53650.0,29.25,1.0,0.0,0.0,0.0
https://github.com/AFAgarap/cnn-svm.git,0,2,1,0.0,0.0,0.0,0.0,0.0,0.0,1103.0,21.5,0.0,1.0,1.0,0.0
https://github.com/AICoE/prometheus-anomaly-detector.git,1,20,10,0.8,0.175,0.025,0.0,0.302500025,0.32499985,1347.325,3.95,0.650000075,0.420833325,0.6229167,0.27812495000000004
https://github.com/ARM-software/CMSIS_5.git,0,106,22,0.5606060606060606,0.04242424242424243,0.0,0.015151515151515152,0.372410506060606,0.6333334606060607,18141.53272727266,8.663636363636364,0.46969706060606065,0.5451812545454545,0.36417356666666667,0.37142424545454544
https://github.com/Adlik/Adlik.git,0,21,9,0.8035714285714286,1.8571428571428572,0.14285714285714285,0.625,0.26311633928571426,0.4553570892857142,1756.892857142857,6.357142857142857,0.6052295892857144,0.3574595535714286,0.6017432142857143,0.3130526785714286
https://github.com/AntonMu/TrainYourOwnYOLO.git,0,1,1,1.0,0.0,0.0,0.0,0.0,0.0,12205.0,4.0,1.0,0.0,0.0,0.0
https://github.com/BachiLi/redner.git,1,22,12,0.43902439024390244,1.7073170731707317,0.0,0.975609756097561,0.4609756097560975,0.5365852926829269,26574.726829268202,19.536585365853657,0.3170731707317073,0.3471545365853658,0.6097561463414634,0.2032520731707317
https://github.com/Belval/TextRecognitionDataGenerator.git,0,5,8,0.8333333333333334,3.8333333333333335,0.0,1.6666666666666667,0.05555558333333333,0.16666650000000002,40595.56666666636,6.5,0.75,0.375,0.3333335,0.0
https://github.com/BindsNET/bindsnet.git,0,4,2,1.0,3.7142857142857144,0.14285714285714285,1.5714285714285714,0.10714285714285714,0.42857128571428577,21039.285714285714,56.285714285714285,1.0,0.2380952857142857,1.0,0.10714285714285714
https://github.com/BloodAxe/pytorch-toolbelt.git,0,6,15,0.6,4.95,0.05,1.1,0.14166669999999998,0.25000005000000003,7569.6,49.5,0.59999995,0.1,0.40000005000000005,0.0
https://github.com/BrikerMan/Kashgari.git,0,3,1,0.0,2.3333333333333335,0.3333333333333333,0.6666666666666666,0.0,0.666667,7594.666666666667,36.0,0.0,1.0,1.0,0.0
https://github.com/CLUEbenchmark/CLUE.git,1,25,14,0.5116279069767442,0.0,0.046511627906976744,0.4883720930232558,0.3434108139534884,0.348837,5819.162790697675,12.255813953488373,0.4883720930232558,0.3032046046511628,0.622591511627907,0.17829455813953488
https://github.com/Cadene/bootstrap.pytorch.git,0,8,11,0.4230769230769231,1.9615384615384615,0.0,0.8846153846153846,0.3192307692307692,0.3461538461538461,2272.5384615384614,9.153846153846153,0.3846153461538461,0.6565934615384615,0.6153845769230769,0.2499999615384615
https://github.com/Calamari-OCR/calamari.git,0,17,12,1.048780487804878,2.5365853658536586,0.024390243902439025,0.5853658536585366,0.3075202682926829,0.5907085365853658,2224.048780487805,8.512195121951219,0.6927409512195123,0.20325200000000002,0.5297328780487806,0.1894308292682927
https://github.com/ClementPinard/SfmLearner-Pytorch.git,0,3,3,0.2,4.8,0.6,1.2,0.2,0.4,2906.4,15.8,0.2,0.4,0.8,0.0
https://github.com/ConvLab/ConvLab.git,0,12,2,0.35294117647058826,0.5294117647058824,0.35294117647058826,1.4705882352941178,0.16806705882352943,0.47058805882352944,46529.75294117625,15.235294117647058,0.29411776470588236,0.7612455294117648,0.9411765294117648,0.11764705882352941
https://github.com/CorentinJ/Real-Time-Voice-Cloning.git,1,18,16,0.75,1.78125,0.125,0.53125,0.2109375,0.37499996874999997,3358.71875,9.3125,0.68749996875,0.2716345,0.31101184375,0.145833375
https://github.com/CornellNLP/Cornell-Conversational-Analysis-Toolkit.git,0,26,33,0.580952380952381,1.838095238095238,0.23809523809523808,0.580952380952381,0.312879780952381,0.4571428380952381,18289.24380952374,13.952380952380953,0.5238095047619048,0.45641764761904763,0.592516980952381,0.1971428285714286
https://github.com/CyberZHG/keras-bert.git,0,3,3,0.6,4.0,0.4,0.6,0.1333334,0.40000020000000003,1152.6,13.0,0.5999998000000001,0.6,0.6,0.0
https://github.com/DLR-RM/stable-baselines3.git,0,8,4,0.7333333333333333,4.266666666666667,0.5333333333333333,1.5333333333333334,0.2666666,0.4,5370.066666666667,26.733333333333334,0.6,0.5466666,1.0,0.2666666
https://github.com/DSE-MSU/DeepRobust.git,1,20,20,0.6567164179104478,1.671641791044776,0.2537313432835821,0.7164179104477612,0.2823383731343283,0.2960197910447761,6133.0298507462685,12.805970149253731,0.5472636417910448,0.4262792537313433,0.7706468059701491,0.1223880895522388
https://github.com/DagnyT/hardnet.git,1,5,15,0.76,1.4,0.12,0.68,0.18666656,0.11999988,854.48,4.28,0.76,0.15999996,0.48,0.10666664000000001
https://github.com/DigitalSlideArchive/HistomicsTK.git,0,32,32,0.3008849557522124,2.309734513274336,0.23008849557522124,0.5132743362831859,0.2953433805309734,0.38938045132743365,5829.070796460177,25.035398230088497,0.2743362477876106,0.6643068230088496,0.7635482920353982,0.08849558407079645
https://github.com/DongjunLee/kino-bot.git,0,1,1,1.0,2.0,0.0,0.0,0.0,0.0,357.0,9.0,1.0,0.0,0.0,0.0
https://github.com/EdinburghNLP/nematus.git,0,39,14,0.6438356164383562,1.6027397260273972,0.0136986301369863,0.4246575342465753,0.5833659589041096,0.534246698630137,3694.986301369863,10.89041095890411,0.49315067123287665,0.3973215753424658,0.8375189999999999,0.4178082465753425
https://github.com/EpistasisLab/tpot.git,0,8,8,0.6129032258064516,2.6774193548387095,0.25806451612903225,0.6129032258064516,0.11290322580645161,0.516129064516129,19241.322580645163,16.93548387096774,0.5161290322580645,0.4946235806451613,0.7956988387096773,0.04838709677419355
https://github.com/FunctionLab/selene.git,0,7,9,0.5,2.8076923076923075,0.34615384615384615,0.8076923076923077,0.2320512307692308,0.4999999615384615,53076.30769230733,28.692307692307693,0.4230769230769231,0.6730769615384614,0.8974358461538461,0.08461538461538462
https://github.com/GRAAL-Research/poutyne.git,0,20,21,0.8035714285714286,3.5892857142857144,0.10714285714285714,0.42857142857142855,0.34910716071428577,0.4952381785714285,2185.839285714286,13.392857142857142,0.6687499464285713,0.2865260178571428,0.6440476964285714,0.3416666785714286
https://github.com/GoogleCloudPlatform/healthcare.git,1,28,27,0.5308641975308642,1.1604938271604939,0.0,0.2345679012345679,0.3561434197530864,0.3703703456790124,5059.79012345679,10.45679012345679,0.5185184197530864,0.45308637037037036,0.48045262962962965,0.28189298765432097
https://github.com/GoogleCloudPlatform/ml-on-gcp.git,1,27,12,0.8163265306122449,0.8775510204081632,0.20408163265306123,0.7142857142857143,0.3095237755102041,0.46122438775510205,3727.0204081632655,7.673469387755102,0.7102041224489796,0.34489789795918363,0.40748302040816325,0.2887755102040816
https://github.com/GoogleCloudPlatform/python-docs-samples.git,0,655,46,0.5133657351154314,0.32624544349939244,0.01275820170109356,0.5643985419198055,0.559314489671932,0.7267916737545566,1503.487727825028,5.87910085054678,0.46709452794653705,0.5111726725394897,0.1982511482381531,0.594121784325638
https://github.com/GoogleCloudPlatform/tensorflow-without-a-phd.git,1,13,15,0.7,1.325,0.025,0.1,0.246249925,0.424999975,19554.004999999863,10.9,0.649999975,0.45848207500000004,0.695833275,0.18999992500000001
https://github.com/Ha0Tang/AttentionGAN.git,1,3,9,0.42857142857142855,1.0714285714285714,0.14285714285714285,0.6428571428571429,0.17857142857142858,0.14285714285714285,2302.6428571428573,16.357142857142858,0.42857142857142855,0.2857142857142857,0.5714285714285714,0.17857142857142858
https://github.com/Ha0Tang/GestureGAN.git,1,2,11,1.0,0.5714285714285714,0.14285714285714285,0.42857142857142855,0.03571428571428571,0.21428571428571427,17012.714285714286,12.857142857142858,1.0,0.0,0.2857142857142857,0.03571428571428571
https://github.com/Ha0Tang/SelectionGAN.git,1,2,13,0.3684210526315789,1.4210526315789473,0.21052631578947367,0.8421052631578947,0.02631578947368421,0.21052631578947367,19931.178947368324,20.736842105263158,0.3684210526315789,0.42105263157894735,0.631578947368421,0.0
https://github.com/HazyResearch/fonduer.git,0,8,6,0.6842105263157895,4.2631578947368425,0.21052631578947367,1.263157894736842,0.18421042105263158,0.42105257894736847,38248.38947368411,34.36842105263158,0.5789473684210527,0.42105263157894735,0.9298246315789475,0.14912273684210525
https://github.com/HumanCompatibleAI/adversarial-policies.git,1,6,11,0.3888888888888889,3.5,0.3888888888888889,1.5,0.14814816666666666,0.1666666111111111,21873.299999999897,26.22222222222222,0.3888888888888889,0.4111111111111111,0.574074,0.0
https://github.com/IBM/AIX360.git,0,33,20,0.5714285714285714,1.155844155844156,0.22077922077922077,0.3116883116883117,0.44038342857142865,0.49350642857142857,14666.69350649348,8.220779220779221,0.5324675454545454,0.38868342857142857,0.5812673506493506,0.23447463636363636
https://github.com/IBM/lale.git,0,30,22,0.3898305084745763,0.7457627118644068,0.652542372881356,0.7288135593220338,0.30753293220338973,0.5338983644067796,8160.935593220323,12.991525423728813,0.31355933050847457,0.5598580847457626,0.7047080932203389,0.23954799152542375
https://github.com/JayYip/bert-multitask-learning.git,1,9,14,0.6842105263157895,4.421052631578948,0.15789473684210525,1.736842105263158,0.34210526315789475,0.15789473684210525,41858.831578947174,28.157894736842106,0.6842105263157895,0.3157894736842105,0.42105263157894735,0.15789473684210525
https://github.com/Kaixhin/Rainbow.git,1,12,13,0.7142857142857143,0.8571428571428571,0.0,0.32142857142857145,0.2351190714285714,0.18452374999999996,158.64285714285714,5.75,0.6369048214285715,0.24404771428571426,0.7023809642857143,0.22321428571428573
https://github.com/KaiyangZhou/deep-person-reid.git,1,20,18,0.8444444444444444,1.9777777777777779,0.15555555555555556,0.8888888888888888,0.2340740888888889,0.5037037777777778,5578.466666666666,17.866666666666667,0.7129629555555554,0.23279604444444446,0.7007407999999999,0.25629633333333335
https://github.com/KevinMusgrave/powerful-benchmarker.git,1,3,13,0.7333333333333333,5.266666666666667,0.8,1.4666666666666666,0.03333333333333333,0.06666666666666667,14249.266666666666,48.733333333333334,0.7333333333333333,0.26666666666666666,0.26666666666666666,0.0
https://github.com/KevinMusgrave/pytorch-metric-learning.git,0,44,21,0.8857142857142857,2.5,0.2,0.37142857142857144,0.5486394571428571,0.6497619,7321.657142857143,18.014285714285716,0.6640476142857143,0.2674659142857143,0.5776190714285714,0.4414966285714286
https://github.com/LPDI-EPFL/masif.git,1,6,8,0.6666666666666666,2.933333333333333,0.26666666666666666,1.2,0.15333333333333332,0.4,107016.02666666592,28.2,0.6,0.525,0.6666666666666667,0.05333333333333334
https://github.com/LiberAI/NSpM.git,1,14,17,0.47058823529411764,0.0,0.0,0.0,0.49411764705882355,0.20588232352941177,41992.94705882337,5.205882352941177,0.4705882058823529,0.07352941176470588,0.6764706176470588,0.2735294117647059
https://github.com/LoSealL/VideoSuperResolution.git,0,3,7,0.13333333333333333,4.8,0.2,2.4,0.0444444,0.4666666666666667,17069.4,30.4,0.1333332666666667,0.8666667333333334,0.9333333333333333,0.0
https://github.com/Lyken17/pytorch-OpCounter.git,0,20,15,0.875,1.40625,0.0,0.21875,0.3432291875,0.3583333125,392.0,5.9375,0.68125003125,0.26249996875000003,0.67291665625,0.28750003125
https://github.com/MAIF/melusine.git,0,38,20,0.9259259259259259,1.4074074074074074,0.3333333333333333,0.345679012345679,0.36036643209876545,0.5853175555555554,11721.407407407407,9.950617283950617,0.710097024691358,0.24463485185185185,0.7226632222222222,0.2772976790123457
https://github.com/MIC-DKFZ/nnUNet.git,0,88,25,0.8226950354609929,0.851063829787234,0.028368794326241134,0.5390070921985816,0.6454346170212766,0.7066409078014184,1796.3191489361702,12.304964539007091,0.6737588085106383,0.3363722056737589,0.47252618439716315,0.5018659858156027
https://github.com/MIC-DKFZ/trixi.git,1,12,14,0.4666666666666667,2.7777777777777777,0.022222222222222223,0.6666666666666666,0.3188359333333333,0.3555554888888889,4006.3333333333335,14.222222222222221,0.42222220000000005,0.4601850888888889,0.7370370666666666,0.2511110888888889
https://github.com/MIPT-Oulu/solt.git,0,8,12,0.9047619047619048,2.619047619047619,0.14285714285714285,0.8095238095238095,0.0,0.33333323809523807,2919.1428571428573,20.333333333333332,0.8571429047619048,0.23809519047619043,0.5714286190476191,0.0
https://github.com/MarcSkovMadsen/awesome-streamlit.git,1,15,5,0.9473684210526315,1.5263157894736843,0.3157894736842105,0.7368421052631579,0.4323308947368421,0.6842106315789475,19434.705263157797,11.894736842105264,0.6315791052631579,0.3559943157894737,0.6666665789473685,0.3665413684210526
https://github.com/MaybeShewill-CV/CRNN_Tensorflow.git,1,11,14,0.84,1.48,0.0,0.28,0.16,0.3033334,19742.191999999854,11.32,0.6466666000000001,0.10857140000000001,0.52666664,0.09333328
https://github.com/MaybeShewill-CV/lanenet-lane-detection.git,1,8,16,0.4782608695652174,1.826086956521739,0.0,0.30434782608695654,0.2391304347826087,0.17391304347826086,10298.91304347826,8.434782608695652,0.4782608695652174,0.17391304347826086,0.6086956521739131,0.021739130434782608
https://github.com/MegviiDetection/video_analyst.git,1,6,7,0.3888888888888889,2.388888888888889,0.3888888888888889,1.5,0.13425927777777777,0.27777766666666664,16361.444444444445,31.72222222222222,0.3333333333333333,0.6629629444444445,0.8888888888888888,0.05555555555555555
https://github.com/Mini-Conf/Mini-Conf.git,1,14,6,1.25,0.25,0.0,0.4,0.12916660000000002,0.5583335,3920.0,7.05,0.8125,0.14500000000000002,0.58030325,0.075
https://github.com/MisaOgura/flashtorch.git,1,2,6,0.7142857142857143,2.4285714285714284,0.0,0.8571428571428571,0.07142857142857142,0.14285714285714285,9265.0,18.142857142857142,0.7142857142857143,0.2857142857142857,0.2857142857142857,0.0
https://github.com/MrGiovanni/ModelsGenesis.git,1,10,15,0.7857142857142857,1.1428571428571428,0.14285714285714285,0.39285714285714285,0.25297625,0.4285715357142857,633.6785714285714,9.75,0.6785714285714286,0.25595239285714283,0.4880953571428571,0.22023814285714285
https://github.com/MycroftAI/mycroft-precise.git,1,13,12,0.6785714285714286,1.3928571428571428,0.03571428571428571,0.6785714285714286,0.3571428214285714,0.2916666785714286,3000.3928571428573,10.142857142857142,0.5535713571428571,0.39285714285714285,0.5357143571428571,0.10238089285714287
https://github.com/NLeSC/mcfly.git,0,18,21,0.5892857142857143,1.2678571428571428,0.125,0.30357142857142855,0.11354167857142858,0.35044642857142855,8889.30357142857,16.553571428571427,0.4516369285714286,0.6079931607142858,0.7291241607142858,0.06964285714285715
https://github.com/NVIDIA/Megatron-LM.git,0,197,26,0.2508532423208191,0.2440273037542662,0.013651877133105802,0.2986348122866894,0.38589721160409557,0.7505688361774745,5398.360409556305,10.747440273037542,0.21553845221843002,0.4020766996587031,0.5367205614334472,0.11071080034129693
https://github.com/NVIDIA/tacotron2.git,0,10,7,0.9375,0.9375,0.0,0.4375,0.1666666875,0.43749993750000005,2779.1875,8.375,0.8125,0.3541666875,0.39583325,0.1354166875
https://github.com/NVIDIAGameWorks/kaolin.git,0,30,22,0.925531914893617,3.0531914893617023,0.07446808510638298,1.1702127659574468,0.32529972340425534,0.4477836595744681,12001.706382978702,4.042553191489362,0.6910460957446808,0.274783670212766,0.4829280531914893,0.3203479255319148
https://github.com/NVISO-BE/ee-outliers.git,1,11,12,0.3157894736842105,1.7894736842105263,0.07894736842105263,0.13157894736842105,0.2368420789473684,0.45394736842105265,6984.605263157895,24.026315789473685,0.29605263157894735,0.41403518421052626,0.8631579210526317,0.05263157894736842
https://github.com/NervanaSystems/distiller.git,1,26,12,0.7166666666666667,2.716666666666667,0.08333333333333333,0.6333333333333333,0.3466205666666667,0.6333334333333334,5234.333333333333,10.716666666666667,0.5999998833333334,0.39639731666666667,0.6201191666666666,0.17407413333333333
https://github.com/NeuromorphicProcessorProject/snn_toolbox.git,1,14,23,0.6190476190476191,3.2857142857142856,0.23809523809523808,1.1428571428571428,0.17857142857142858,0.3174603095238095,18625.48571428567,15.69047619047619,0.5714285476190476,0.4,0.5365079523809524,0.07738095238095238
https://github.com/OUCMachineLearning/OUCML.git,1,7,8,0.21052631578947367,2.5789473684210527,0.3684210526315789,1.368421052631579,0.23684215789473684,0.42105263157894735,20212.36842105263,17.210526315789473,0.2105261578947369,0.5263158421052632,0.7894738421052632,0.15789473684210525
https://github.com/Open-Debin/Emotion-FAN.git,1,3,6,0.5,1.75,0.125,1.25,0.0625,0.125,2728.25,28.5,0.5,0.25,0.5,0.0
https://github.com/OpenNMT/OpenNMT-py.git,0,191,31,1.0568862275449102,0.8712574850299402,0.04491017964071856,0.46107784431137727,0.546826,0.668033631736527,5015.342514970054,8.574850299401197,0.7357052544910179,0.28533938023952093,0.4213583742514969,0.5262253173652695
https://github.com/OpenNMT/OpenNMT-tf.git,1,24,25,0.6226415094339622,2.2641509433962264,0.07547169811320754,0.6792452830188679,0.4006289433962264,0.5094340566037735,4585.773584905661,33.301886792452834,0.5471697735849057,0.5471698113207547,0.5094340188679245,0.188679320754717
https://github.com/PacktPublishing/Advanced-Deep-Learning-with-Keras.git,1,6,15,0.6,1.05,0.05,0.4,0.2,0.1,1864.6,22.55,0.6,0.1,0.4,0.1
https://github.com/PacktPublishing/Deep-Reinforcement-Learning-Hands-On.git,1,13,16,0.5769230769230769,0.8076923076923077,0.038461538461538464,0.46153846153846156,0.2339743846153846,0.23076926923076924,24136.107692307552,20.5,0.5769230769230769,0.1538461923076923,0.3717949230769231,0.11538461538461539
https://github.com/PaddlePaddle/PARL.git,1,43,24,0.8207547169811321,1.8396226415094339,0.0660377358490566,1.1603773584905661,0.3346660943396226,0.4129192264150944,2091.198113207547,4.877358490566038,0.622458141509434,0.3556753773584906,0.48789302830188674,0.3679693773584905
https://github.com/PetrochukM/PyTorch-NLP.git,1,18,13,0.7,1.8,0.13333333333333333,0.9333333333333333,0.3127778,0.5000000333333333,8227.133333333333,13.6,0.5666667000000001,0.45555560000000006,0.5055556999999999,0.23333336666666668
https://github.com/PhoenixDL/rising.git,0,11,11,1.0357142857142858,2.25,0.10714285714285714,0.5,0.19642853571428573,0.42738089285714287,4597.535714285715,28.464285714285715,0.7369047857142857,0.24725267857142855,0.7547619999999998,0.17023803571428572
https://github.com/adobe/antialiased-cnns.git,0,4,3,0.3333333333333333,2.3333333333333335,0.16666666666666666,0.3333333333333333,0.0,0.5000001666666666,1621.1666666666667,28.5,0.3333331666666666,0.5,0.6666668333333333,0.0
https://github.com/advboxes/AdvBox.git,1,18,12,0.6285714285714286,1.6571428571428573,0.05714285714285714,0.34285714285714286,0.36585031428571424,0.5142857714285715,4580.885714285714,10.314285714285715,0.5142856571428572,0.5142857428571429,0.4838095142857142,0.27142859999999996
https://github.com/aimacode/aima-python.git,1,120,28,0.5769230769230769,0.9560439560439561,0.016483516483516484,0.554945054945055,0.6278746703296704,0.4945054835164835,2016.0714285714287,6.521978021978022,0.510988967032967,0.37075967582417585,0.42721432417582417,0.6879578681318681
https://github.com/aiqm/torchani.git,0,7,5,0.5625,0.0,0.0,0.0,0.15625,0.5625,45927.074999999655,13.6875,0.4375,0.51666675,0.83333325,0.145833375
https://github.com/aisolab/nlp_classification.git,0,3,5,0.25,4.625,0.625,2.875,0.0625,0.375,150364.12499999884,47.25,0.25,0.5,0.75,0.0
https://github.com/albumentations-team/albumentations.git,0,27,5,1.3953488372093024,2.697674418604651,0.023255813953488372,0.7441860465116279,0.4045982790697674,0.5627905813953489,790.0930232558139,9.093023255813954,0.9550386744186045,0.1608291162790698,0.7745292093023257,0.39847716279069767
https://github.com/alfredfrancis/ai-chatbot-framework.git,0,22,20,0.6888888888888889,1.288888888888889,0.06666666666666667,0.6222222222222222,0.27121695555555553,0.3777778,3397.5333333333333,10.355555555555556,0.6444444888888888,0.3499999777777778,0.4333333333333334,0.23259257777777773
https://github.com/alibaba/ai-matrix.git,0,7,9,0.5909090909090909,0.0,0.0,0.0,0.18939386363636365,0.36363636363636365,65405.281818181575,13.590909090909092,0.5000000454545455,0.5272727272727272,0.6515151363636363,0.09090904545454545
https://github.com/allegroai/trains.git,0,47,12,0.8450704225352113,0.39436619718309857,0.028169014084507043,0.056338028169014086,0.6869998450704224,0.8169014647887322,9063.836619718284,21.267605633802816,0.7042254084507042,0.4346077323943662,0.37709587323943666,0.5793428873239437
https://github.com/allenai/allennlp.git,0,151,10,0.5320754716981132,0.6150943396226415,0.06037735849056604,0.8830188679245283,0.5301437358490566,0.6000001320754716,1614.8754716981132,5.875471698113207,0.47547155849056605,0.4066496113207547,0.27991429433962267,0.40798153207547166
https://github.com/alvinwan/neural-backed-decision-trees.git,0,13,14,0.46153846153846156,2.5,0.4230769230769231,0.9615384615384616,0.18315023076923076,0.3846154615384616,14892.153846153846,19.653846153846153,0.46153842307692305,0.30048073076923076,0.6410256923076924,0.12820515384615383
https://github.com/amaiya/ktrain.git,0,16,13,0.47619047619047616,1.4761904761904763,0.3333333333333333,1.119047619047619,0.3301587142857143,0.6904762857142858,39316.07142857121,39.95238095238095,0.47619047619047616,0.6432539761904762,0.8015872380952382,0.13095233333333334
https://github.com/amansrivastava17/embedding-as-service.git,0,8,2,0.6,2.5,0.0,1.0,0.3,0.7,7227.9,30.6,0.5,0.622222,0.7,0.25
https://github.com/amzn/xfer.git,1,8,10,0.5789473684210527,2.0,0.15789473684210525,1.105263157894737,0.28070173684210525,0.2631577894736842,6982.736842105263,10.526315789473685,0.5789473684210527,0.10526305263157895,0.7368421052631579,0.22807015789473684
https://github.com/analyticalmindsltd/smote_variants.git,0,2,10,0.8181818181818182,4.181818181818182,1.1818181818181819,1.7272727272727273,0.0,0.0,43432.67272727256,40.09090909090909,0.8181818181818182,0.0,0.18181818181818182,0.0
https://github.com/anicolson/DeepXi.git,1,3,16,0.5714285714285714,3.0476190476190474,0.0,0.8571428571428571,0.055555571428571426,0.14285714285714285,17186.114285714197,20.238095238095237,0.5714285714285714,0.09523809523809523,0.42857142857142855,0.0
https://github.com/apache/submarine.git,1,76,19,0.6181818181818182,0.5636363636363636,0.022727272727272728,0.18181818181818182,0.3629059181818182,0.527272609090909,5344.047272727264,4.777272727272727,0.4999998954545454,0.3420950954545454,0.4612330772727272,0.2861702909090909
https://github.com/apachecn/Interview.git,1,3,6,0.5,1.0,0.25,0.75,0.1875,0.25,33991.92499999977,6.75,0.5,0.25,0.5,0.125
https://github.com/apachecn/pytorch-doc-zh.git,1,104,24,0.3333333333333333,0.0070921985815602835,0.0,0.0,0.5670959219858155,0.6170213404255319,12933.15035460989,9.163120567375886,0.2765957943262412,0.6136280496453901,0.453178085106383,0.22458624113475179
https://github.com/arogozhnikov/einops.git,0,22,20,0.6829268292682927,1.7317073170731707,0.024390243902439025,0.6097560975609756,0.41260168292682925,0.3902440243902439,1444.560975609756,14.682926829268293,0.6097560975609756,0.2439024146341463,0.6260163902439024,0.2682927073170732
https://github.com/arogozhnikov/hep_ml.git,0,3,4,0.3,1.7,0.5,0.4,0.06666659999999999,0.4,1758.4,24.8,0.3,0.7999999,1.0,0.06666659999999999
https://github.com/arviz-devs/arviz.git,0,34,12,0.2911392405063291,2.4683544303797467,0.4050632911392405,0.5569620253164557,0.29587810126582276,0.5063293037974684,1978.3037974683543,9.848101265822784,0.25316450632911397,0.4100220379746835,0.6775566455696204,0.16075949367088607
https://github.com/as-ideas/TransformerTTS.git,0,6,7,0.5,2.7222222222222223,0.05555555555555555,1.6111111111111112,0.11388888888888887,0.4999999444444444,7678.388888888889,34.55555555555556,0.3888888888888889,0.730158611111111,0.7314815555555555,0.041666666666666664
https://github.com/asappresearch/flambe.git,0,24,3,0.14634146341463414,2.1707317073170733,0.07317073170731707,0.8536585365853658,0.2444830975609756,0.7073171219512194,2817.5853658536585,15.21951219512195,0.0975608780487805,0.5645593658536586,0.6483029756097561,0.0
https://github.com/asappresearch/sru.git,0,12,5,0.4375,1.6875,0.1875,0.5625,0.235416625,0.499999875,998.625,8.75,0.375000125,0.6171875,0.7312498749999999,0.09375
https://github.com/astooke/rlpyt.git,0,17,6,0.6428571428571429,1.4285714285714286,0.07142857142857142,0.6071428571428571,0.5371600357142857,0.5714286428571429,3159.964285714286,15.25,0.5357142142857143,0.6603172857142858,0.5450680357142857,0.26190489285714286
https://github.com/athena-team/athena.git,1,29,11,0.37142857142857144,1.3571428571428572,0.2857142857142857,0.6285714285714286,0.3543570714285715,0.5285714714285713,12451.691428571403,9.842857142857143,0.3142856142857143,0.4587934857142857,0.6605373428571429,0.17874145714285714
https://github.com/autorope/donkeycar.git,0,46,8,0.7142857142857143,1.0793650793650793,0.047619047619047616,0.4444444444444444,0.6148688095238094,0.7460319206349205,4137.841269841269,11.73015873015873,0.5079365238095238,0.3401793492063492,0.49856403174603164,0.5098640634920636
https://github.com/avrae/avrae.git,0,37,29,0.7153846153846154,2.4076923076923076,0.0,0.7,0.28828723076923074,0.6524476076923076,7122.715384615384,35.13846153846154,0.5461539153846154,0.5355251461538462,0.5592308461538461,0.24973446153846154
https://github.com/baldassarreFe/deep-koalarization.git,1,7,5,0.23076923076923078,1.1538461538461537,0.0,0.46153846153846156,0.2666666153846154,0.3846153076923076,2577.4615384615386,8.538461538461538,0.23076915384615385,0.4835165384615384,0.6538460769230768,0.0
https://github.com/batra-mlp-lab/visdial-challenge-starter-pytorch.git,0,3,3,0.4,2.0,0.0,1.8,0.0,0.1999998,3268.2,20.8,0.4,0.6,0.6,0.0
https://github.com/bayesiains/nflows.git,1,25,11,0.918918918918919,0.972972972972973,0.08108108108108109,0.08108108108108109,0.460687972972973,0.4864865405405405,4101.783783783784,4.351351351351352,0.7837838648648648,0.32935867567567567,0.4945946486486486,0.41921918918918927
https://github.com/beringresearch/ivis.git,0,8,5,0.375,1.625,0.0,0.1875,0.072916625,0.4374999375,6674.75,28.4375,0.375,0.6874999374999999,0.9375,0.041666625
https://github.com/bethgelab/foolbox.git,0,6,4,0.8,4.1,0.2,0.6,0.21000000000000002,0.6,1493.6,27.2,0.7,0.3,0.65,0.15
https://github.com/bethgelab/siamese-mask-rcnn.git,0,2,3,0.2,7.6,0.2,2.2,0.0,0.0,82859.27999999964,29.4,0.2,0.8,0.8,0.0
https://github.com/beyretb/AnimalAI-Olympics.git,0,3,1,0.0,3.6666666666666665,0.6666666666666666,2.0,0.0,0.333333,33752.666666666664,29.666666666666668,0.0,0.666667,1.0,0.0
https://github.com/bhoov/exbert.git,1,6,6,0.5384615384615384,0.0,0.46153846153846156,1.5384615384615385,0.21153838461538463,0.4615386153846154,74243.64615384601,12.0,0.46153846153846156,0.5384616153846153,0.7179486153846153,0.05128207692307692
https://github.com/biolib/openprotein.git,0,3,8,0.7777777777777778,5.444444444444445,0.2222222222222222,2.7777777777777777,0.16666666666666666,0.1111111111111111,14128.111111111111,18.11111111111111,0.7777777777777778,0.2222222222222222,0.2222222222222222,0.1111111111111111
https://github.com/bitextor/bitextor.git,1,30,36,0.7663551401869159,1.2616822429906542,0.0,0.6822429906542056,0.28796055140186916,0.5176509158878505,10599.727102803705,32.85981308411215,0.5721509813084112,0.32010289719626167,0.6273081869158879,0.18333333644859812
https://github.com/black0017/MedicalZooPytorch.git,1,5,8,0.35714285714285715,2.7857142857142856,0.14285714285714285,0.8571428571428571,0.04761907142857143,0.14285714285714285,5606.214285714285,8.714285714285714,0.35714285714285715,0.5,0.7857142857142857,0.0
https://github.com/brainiak/brainiak.git,1,34,25,0.981651376146789,2.330275229357798,0.09174311926605505,0.5688073394495413,0.34781957798165136,0.4345288256880734,1776.908256880734,3.7155963302752295,0.8226022110091742,0.2255490733944954,0.436762119266055,0.36009173394495414
https://github.com/bricewalker/Hey-Jetson.git,1,3,23,0.14634146341463414,0.17073170731707318,0.024390243902439025,0.14634146341463414,0.016260146341463413,0.04878046341463414,29358.682926829042,10.682926829268293,0.14634146341463414,0.5853658780487805,0.8536585365853658,0.0
https://github.com/broadinstitute/keras-rcnn.git,0,3,1,0.0,4.666666666666667,0.0,1.3333333333333333,0.0,0.333333,2297.3333333333335,38.0,0.0,1.0,1.0,0.0
https://github.com/bureaucratic-labs/dostoevsky.git,0,5,19,0.23684210526315788,0.39473684210526316,0.0,0.18421052631578946,0.05701752631578948,0.10526313157894737,120.71052631578948,9.210526315789474,0.2105263421052632,0.8289473684210527,0.8070176052631579,0.039473684210526314
https://github.com/calico/basenji.git,0,9,19,0.5454545454545454,4.090909090909091,1.0303030303030303,2.727272727272727,0.22222218181818182,0.3787878181818182,14869.818181818182,47.57575757575758,0.5,0.4141414545454546,0.6484847878787878,0.050505
https://github.com/carefree0910/MachineLearning.git,1,3,12,0.6,4.466666666666667,0.13333333333333333,1.5333333333333334,0.03333333333333333,0.13333333333333333,64641.58666666642,35.266666666666666,0.6,0.4,0.4,0.0
https://github.com/catalyst-team/catalyst.git,0,11,2,0.23076923076923078,2.923076923076923,0.38461538461538464,1.1538461538461537,0.3692307692307692,0.6153846153846154,16496.076923076922,28.76923076923077,0.23076923076923078,0.6593407692307692,0.664835076923077,0.0
https://github.com/chuyangliu/snake.git,1,1,1,1.0,11.0,0.0,2.0,0.0,0.0,3647.0,1.0,1.0,0.0,0.0,0.0
https://github.com/cisco/mindmeld.git,0,29,12,0.35353535353535354,2.2323232323232323,0.04040404040404041,0.7171717171717171,0.3519156161616161,0.575757595959596,11343.791919191899,25.757575757575758,0.2626262222222222,0.6119882929292929,0.7486531111111112,0.10858585858585859
https://github.com/cmu-db/ottertune.git,0,8,5,0.9545454545454546,3.227272727272727,0.045454545454545456,1.5909090909090908,0.19448045454545457,0.5000001363636364,35481.56363636355,17.454545454545453,0.7727272727272727,0.2706979545454545,0.8106061363636363,0.13538954545454546
https://github.com/cmusatyalab/OpenTPOD.git,0,6,6,0.7333333333333333,1.6,0.0,0.8,0.2555554666666667,0.4,21087.69333333321,18.133333333333333,0.6666666666666666,0.5333332666666667,0.9333333333333333,0.2555554666666667
https://github.com/colearninglounge/co-learning-lounge.git,1,50,9,0.6835443037974683,0.4177215189873418,0.012658227848101266,0.13924050632911392,0.46361100000000005,0.5443038101265822,3893.240506329114,4.367088607594937,0.5569620632911392,0.42430388607594943,0.3080777341772152,0.46511959493670874
https://github.com/cornellius-gp/gpytorch.git,0,124,29,0.5971223021582733,1.5683453237410072,0.10071942446043165,0.15467625899280577,0.49325056834532366,0.6043166474820143,3647.7302158273383,13.827338129496402,0.4820144532374101,0.49528441366906484,0.4852925971223021,0.3388384712230215
https://github.com/cortexlabs/cortex.git,1,23,16,0.3563218390804598,2.1954022988505746,0.011494252873563218,1.0919540229885059,0.2394636436781609,0.5747126781609195,10612.28735632184,25.75862068965517,0.26436781609195403,0.6629434252873565,0.7098521724137932,0.08018606896551725
https://github.com/cpnota/autonomous-learning-library.git,0,2,4,0.6,5.2,0.2,1.0,0.1,0.2,8645.4,26.6,0.6,0.4,0.4,0.0
https://github.com/danielegrattarola/spektral.git,0,12,8,0.6190476190476191,2.4285714285714284,0.14285714285714285,0.7619047619047619,0.3412698571428572,0.5238095238095238,6261.571428571428,18.238095238095237,0.5238095714285714,0.666666619047619,0.619047761904762,0.17460309523809525
https://github.com/danielhanchen/hyperlearn.git,1,4,11,0.5333333333333333,2.3333333333333335,0.0,0.8666666666666667,0.03333333333333333,0.13333326666666664,50856.81333333297,17.6,0.5333333333333333,0.40000006666666665,0.4666666666666667,0.0
https://github.com/data-science-on-aws/workshop.git,1,17,18,0.4489795918367347,2.63265306122449,0.40816326530612246,1.469387755102041,0.2800777346938776,0.5306123265306123,69907.51020408126,39.3469387755102,0.4081632448979592,0.575226306122449,0.6569486326530612,0.15714285714285714
https://github.com/databricks/spark-deep-learning.git,0,13,6,0.8518518518518519,3.037037037037037,0.14814814814814814,0.48148148148148145,0.2740741111111111,0.3333332222222222,1177.6296296296296,2.962962962962963,0.6666666296296297,0.29365074074074077,0.7629629259259259,0.1777777777777778
https://github.com/datamllab/rlcard.git,0,35,12,0.5555555555555556,2.0246913580246915,0.024691358024691357,0.32098765432098764,0.3627327037037037,0.5061728765432097,2770.8271604938273,10.049382716049383,0.45679019753086425,0.44195285185185185,0.5128455925925925,0.17626885185185184
https://github.com/ddbourgin/numpy-ml.git,0,15,9,0.6206896551724138,0.4827586206896552,0.3103448275862069,0.2413793103448276,0.16350572413793102,0.3103448275862069,5740.586206896552,12.0,0.5172413448275862,0.5323955862068965,0.698686172413793,0.20114941379310344
https://github.com/deepfakes/faceswap.git,0,53,5,0.84375,1.78125,0.0,0.421875,0.51319628125,0.640625,4281.234375,6.078125,0.7031249062499999,0.344076453125,0.44397248437500003,0.5044643281250001
https://github.com/deepmedic/deepmedic.git,0,7,17,0.4583333333333333,2.875,0.041666666666666664,0.625,0.13194445833333332,0.2500000416666666,5089.041666666667,20.25,0.4583333333333333,0.4166666666666667,0.5416666666666666,0.0
https://github.com/deepmind/dm-haiku.git,0,79,17,0.9861751152073732,0.7096774193548387,0.004608294930875576,0.17050691244239632,0.4500546497695852,0.5524637557603687,395.17511520737327,4.474654377880184,0.8125663778801843,0.18511803686635944,0.3392493686635945,0.3889313087557603
https://github.com/deepmind/open_spiel.git,0,144,13,0.6151079136690647,0.0035971223021582736,0.02877697841726619,0.3345323741007194,0.5425649712230216,0.7194244316546762,12588.002877697827,11.863309352517986,0.5215827122302158,0.4034606294964029,0.4351308956834533,0.42344673381294967
https://github.com/deepmind/sonnet.git,0,43,12,0.5803571428571429,0.4375,0.08035714285714286,0.20535714285714285,0.29581195535714283,0.5963828928571429,2959.25,7.142857142857143,0.5369963392857143,0.45006326785714285,0.6609662767857143,0.31755941071428573
https://github.com/deepmipt/DeepPavlov.git,0,56,12,0.6807228915662651,0.8313253012048193,0.04216867469879518,0.6927710843373494,0.3335600903614458,0.5301205903614459,5930.548192771084,11.855421686746988,0.5542168012048193,0.4399259036144579,0.5635595120481928,0.2642548554216867
https://github.com/deepset-ai/FARM.git,0,29,7,0.7966101694915254,2.9152542372881354,0.2711864406779661,1.4406779661016949,0.3785920338983051,0.5762713559322036,1977.2203389830509,8.813559322033898,0.6779661186440678,0.4180172881355932,0.7646050847457627,0.25546133898305085
https://github.com/deezer/spleeter.git,1,18,9,0.8431372549019608,0.803921568627451,0.09803921568627451,0.27450980392156865,0.29117631372549013,0.4901959607843138,845.4509803921569,9.27450980392157,0.7254902156862745,0.3865970588235294,0.6059914117647058,0.2507468235294118
https://github.com/digantamisra98/Mish.git,0,4,25,0.7857142857142857,0.8214285714285714,0.10714285714285714,0.10714285714285714,0.07142857142857142,0.10714285714285714,4118.321428571428,65.35714285714286,0.7857142857142857,0.21428571428571427,0.21428571428571427,0.0
https://github.com/dmlc/dgl.git,0,39,7,0.8902439024390244,3.548780487804878,0.32926829268292684,1.2439024390243902,0.3482657926829268,0.5843574024390245,5395.207317073171,8.0,0.821382756097561,0.16770456097560973,0.4632969634146341,0.3146821341463414
https://github.com/drscotthawley/panotti.git,0,3,5,0.42857142857142855,4.428571428571429,0.7142857142857143,2.142857142857143,0.14285714285714285,0.2857142857142857,4363.428571428572,38.857142857142854,0.42857142857142855,0.5714285714285714,0.5714285714285714,0.0
https://github.com/dsgiitr/d2l-pytorch.git,1,25,6,0.6666666666666666,0.8888888888888888,0.027777777777777776,0.16666666666666666,0.23626894444444446,0.5555556388888888,13324.955555555505,5.222222222222222,0.5555556944444445,0.5059260277777778,0.3009258611111111,0.1824073888888889
https://github.com/dwadden/dygiepp.git,0,4,2,0.0,3.5,0.0,0.3333333333333333,0.16666666666666666,0.5,3131.6666666666665,22.166666666666668,0.0,0.8888886666666668,1.0,0.0
https://github.com/eladhoffer/convNet.pytorch.git,1,3,15,0.8823529411764706,3.5294117647058822,0.5294117647058824,0.5882352941176471,0.039215705882352944,0.11764711764705883,639.0588235294117,9.470588235294118,0.8823528823529411,0.17647058823529413,0.11764711764705883,0.0
https://github.com/eleurent/rl-agents.git,1,10,23,0.6129032258064516,2.6774193548387095,0.3225806451612903,0.8387096774193549,0.16666670967741937,0.19354845161290324,2046.0967741935483,25.387096774193548,0.6129031612903225,0.16129032258064516,0.3870968387096774,0.0
https://github.com/elifesciences/sciencebeam.git,0,2,4,0.3333333333333333,6.166666666666667,0.0,2.0,0.0,0.16666666666666666,9040.0,28.333333333333332,0.3333333333333333,0.6666666666666666,0.6666666666666666,0.0
https://github.com/eth-sri/eran.git,1,20,14,0.8928571428571429,2.1964285714285716,0.017857142857142856,0.35714285714285715,0.386692125,0.49999994642857143,3051.9821428571427,8.839285714285714,0.732142875,0.33168141071428575,0.7603742678571429,0.3111819821428572
https://github.com/evilsocket/pwnagotchi.git,0,58,1,0.0,0.7068965517241379,0.0,0.27586206896551724,0.0,0.8965519999999999,2516.293103448276,11.068965517241379,0.0,0.498148,0.382335,0.0
https://github.com/explosion/prodigy-recipes.git,1,17,19,0.2978723404255319,1.3404255319148937,0.02127659574468085,0.2553191489361702,0.32801421276595744,0.2765957446808511,5119.63829787234,4.468085106382978,0.29787231914893614,0.5212766170212766,0.6865247872340426,0.10283689361702127
https://github.com/explosion/spacy-transformers.git,0,15,4,1.04,1.44,0.0,0.36,0.40000011999999996,0.64000016,3347.64,16.68,0.7599998400000001,0.3351428,0.57,0.3033334
https://github.com/f-dangel/backpack.git,1,8,22,0.3877551020408163,3.489795918367347,0.08163265306122448,0.6122448979591837,0.14455779591836734,0.28571422448979594,13685.775510204081,27.857142857142858,0.3673469387755102,0.6040816326530613,0.7687075102040817,0.05102040816326531
https://github.com/facebookresearch/ClassyVision.git,1,78,13,1.1338582677165354,1.5039370078740157,0.07874015748031496,0.3543307086614173,0.5404834645669292,0.4796109291338582,498.1653543307087,3.3070866141732282,0.9155534645669291,0.0965338346456693,0.25738748031496067,0.5052925984251968
https://github.com/facebookresearch/CrypTen.git,0,12,2,0.9333333333333333,2.533333333333333,0.3333333333333333,0.8,0.26666680000000004,0.4666668,1954.2666666666667,4.333333333333333,0.8000002,0.18947340000000004,0.5099998,0.26666680000000004
https://github.com/facebookresearch/EGG.git,0,25,20,1.0833333333333333,1.2833333333333334,0.05,0.9666666666666667,0.21692458333333334,0.5332539999999999,6790.966666666666,15.416666666666666,0.7569841999999999,0.17921571666666666,0.5211111166666667,0.24513891666666668
https://github.com/facebookresearch/ParlAI.git,0,131,15,0.43283582089552236,0.9365671641791045,0.06716417910447761,1.1902985074626866,0.452452578358209,0.679104485074627,3740.2985074626868,12.958955223880597,0.3507463955223881,0.5085596641791044,0.4738284328358209,0.41014127985074633
https://github.com/facebookresearch/ReAgent.git,1,167,32,0.9650793650793651,0.3333333333333333,0.06984126984126984,0.5111111111111111,0.5661055841269842,0.5777778158730158,1778.3238095238096,5.117460317460317,0.7841270349206348,0.24023874920634922,0.386763326984127,0.529901888888889
https://github.com/facebookresearch/habitat-api.git,0,22,5,1.105263157894737,3.3421052631578947,0.10526315789473684,0.8421052631578947,0.3940621315789474,0.521817447368421,1305.5,3.8421052631578947,0.9523167368421052,0.06578944736842106,0.5170829210526315,0.3947366578947369
https://github.com/facebookresearch/mmf.git,1,120,25,0.9353233830845771,0.8557213930348259,0.01990049751243781,0.5223880597014925,0.5271884776119403,0.519485960199005,3655.4666666666485,4.980099502487562,0.796641830845771,0.16568971144278608,0.29090155721393035,0.49435781592039796
https://github.com/facebookresearch/nevergrad.git,1,55,22,0.6363636363636364,0.9669421487603306,0.256198347107438,0.8264462809917356,0.3541693636363636,0.6456611983471073,3214.7471074380014,9.041322314049587,0.554752041322314,0.4095301157024794,0.5954170247933883,0.19864984297520663
https://github.com/facebookresearch/pyrobot.git,0,3,1,1.0,4.333333333333333,0.6666666666666666,2.0,0.0,0.666667,15065.666666666666,16.666666666666668,0.666667,0.5,0.666667,0.0
https://github.com/facebookresearch/pytext.git,0,103,6,0.33649289099526064,0.12322274881516587,0.061611374407582936,0.44075829383886256,0.3920106682464456,0.5781989763033175,588.127962085308,4.890995260663507,0.2748816161137441,0.38482142654028445,0.32042404265402846,0.3354265402843602
https://github.com/facebookresearch/vilbert-multi-task.git,1,6,9,0.4375,2.8125,0.1875,1.375,0.239583375,0.18749987499999998,12734.6875,18.4375,0.43749993750000005,0.5625000625,0.6249999374999999,0.09375
https://github.com/fastai/fastai.git,0,123,5,1.0602409638554218,0.9759036144578314,0.006024096385542169,0.1746987951807229,0.5300583734939759,0.8332911385542168,5936.9060240963745,7.210843373493976,0.8791978674698795,0.06735019879518073,0.19475337951807226,0.5249269277108434
https://github.com/fastnlp/fastNLP.git,0,19,4,0.6857142857142857,3.2,0.22857142857142856,0.9428571428571428,0.28296682857142863,0.6747255428571428,49713.07999999989,18.485714285714284,0.6087912857142856,0.37641022857142864,0.6710988285714286,0.1720778285714286
https://github.com/faustomorales/keras-ocr.git,0,3,2,1.0,4.75,0.5,2.0,0.0,0.50000025,2965.25,26.25,0.7500002499999999,0.375,0.50000025,0.0
https://github.com/fbcotter/pytorch_wavelets.git,0,1,3,1.0,8.0,1.0,1.0,0.0,0.0,22286.0,26.0,1.0,0.0,0.0,0.0
https://github.com/feedly/transfer-nlp.git,0,4,1,0.0,5.5,0.75,1.25,0.0,0.75,13674.75,45.0,0.0,0.8,0.833333,0.0
https://github.com/fepegar/torchio.git,0,2,1,0.0,5.0,0.5,1.5,0.0,0.5,8215.0,77.0,0.0,1.0,1.0,0.0
https://github.com/firmai/datagene.git,0,2,1,0.0,2.5,0.0,1.0,0.0,0.0,9376.0,70.0,0.0,1.0,1.0,0.0
https://github.com/fizyr/keras-retinanet.git,0,12,2,0.14285714285714285,1.5714285714285714,0.0,0.5,0.35714285714285715,0.7857142857142858,1896.2142857142858,24.071428571428573,0.14285714285714285,0.6040098571428573,0.6190478571428571,0.0
https://github.com/flairNLP/flair.git,0,215,16,0.9690402476780186,0.653250773993808,0.07430340557275542,0.3684210526315789,0.666193399380805,0.7941177616099072,3304.702786377709,12.727554179566564,0.7593002507739939,0.21649710216718265,0.49199460681114554,0.5954789938080496
https://github.com/flatironinstitute/CaImAn.git,0,55,26,0.9314285714285714,1.0114285714285713,0.10857142857142857,0.36,0.3475484342857143,0.59961572,16599.35657142851,21.92,0.7697963542857142,0.21285494285714285,0.6948620971428571,0.27823520571428567
https://github.com/frankkramer-lab/MIScnn.git,0,9,11,0.8888888888888888,2.3333333333333335,0.07407407407407407,0.18518518518518517,0.1716048888888889,0.4320987407407408,3308.1481481481483,19.14814814814815,0.7530864814814815,0.345679037037037,0.7283951481481482,0.12222222222222223
https://github.com/freewym/espresso.git,1,378,24,0.8242245199409158,0.6395864106351551,0.03840472673559823,0.5007385524372231,0.6638668257016249,0.5694397016248154,714.1831610044313,3.5893648449039883,0.704610317577548,0.22198831166912852,0.19686462333825702,0.600433599704579
https://github.com/funcwj/setk.git,1,2,13,0.8571428571428571,4.857142857142857,0.14285714285714285,1.4285714285714286,0.0,0.0,7029.071428571428,17.785714285714285,0.8571428571428571,0.14285714285714285,0.14285714285714285,0.0
https://github.com/geomstats/geomstats.git,0,92,30,0.6060606060606061,0.9621212121212122,0.041666666666666664,0.23863636363636365,0.3771117727272727,0.6894752045454545,34700.5015151514,31.833333333333332,0.44285040151515154,0.4397740037878788,0.6808638484848486,0.23193451136363635
https://github.com/geoopt/geoopt.git,0,3,5,0.42857142857142855,6.142857142857143,0.2857142857142857,0.8571428571428571,0.14285714285714285,0.2857142857142857,2764.0,14.428571428571429,0.42857142857142855,0.0,0.5714285714285714,0.0
https://github.com/geyang/ml_logger.git,0,5,12,0.5294117647058824,4.176470588235294,0.47058823529411764,2.1176470588235294,0.16666670588235294,0.23529417647058826,24321.176470588234,33.05882352941177,0.529411705882353,0.4117647058823529,0.47058829411764713,0.0
https://github.com/gjy3035/C-3-Framework.git,1,6,7,0.3333333333333333,0.9166666666666666,0.16666666666666666,0.25,0.22222224999999998,0.24999991666666668,5464.666666666667,11.083333333333334,0.33333325,0.75,0.6666667500000001,0.0
https://github.com/google-research/google-research.git,0,828,28,0.7371188222923238,0.13459516298633017,0.1046267087276551,0.43007360672975814,0.6642252749737119,0.48466775236593057,3345.8753943217616,2.5394321766561516,0.7166341524710831,0.15808516088328076,0.07082148843322818,0.6770204994742377
https://github.com/google-research/meta-dataset.git,0,10,3,0.6470588235294118,1.2352941176470589,0.0,0.23529411764705882,0.2588234117647059,0.6470589411764704,3017.470588235294,6.588235294117647,0.4705883529411765,0.5588236470588235,0.717647294117647,0.17647058823529413
https://github.com/google-research/tensor2robot.git,1,18,18,0.9482758620689655,1.7413793103448276,0.034482758620689655,0.20689655172413793,0.4852011896551724,0.3362068793103449,1288.103448275862,4.086206896551724,0.7780171896551724,0.16772768965517243,0.620977051724138,0.48891624137931033
https://github.com/google-research/text-to-text-transfer-transformer.git,0,13,3,0.8636363636363636,1.6818181818181819,0.18181818181818182,0.22727272727272727,0.2469695454545454,0.6363637272727272,760.4545454545455,5.681818181818182,0.6818183181818182,0.3935952272727273,0.5138891818181819,0.16666686363636363
https://github.com/google/TensorNetwork.git,0,15,2,0.6666666666666666,3.619047619047619,0.14285714285714285,0.7619047619047619,0.21644999999999995,0.6666668095238095,5340.476190476191,9.380952380952381,0.6666666666666669,0.2508709523809524,0.5693121904761904,0.21644999999999995
https://github.com/google/automl.git,0,35,3,0.8043478260869565,0.6086956521739131,0.0,0.13043478260869565,0.37946221739130437,0.8590388478260867,3724.521739130435,11.891304347826088,0.7045766956521737,0.14430523913043478,0.4341977391304348,0.3946432391304348
https://github.com/google/clusterfuzz.git,0,35,8,0.4470588235294118,0.011764705882352941,0.0,0.4588235294117647,0.29362157647058823,0.6823531058823529,4240.023529411765,19.705882352941178,0.3411764352941177,0.6347696117647058,0.5491436941176471,0.37320251764705886
https://github.com/google/fhir.git,0,24,11,0.7575757575757576,0.6666666666666666,0.0,0.07575757575757576,0.2568870606060606,0.5782828636363636,35073.572727272534,11.363636363636363,0.5732323787878788,0.5031864242424243,0.6166665454545454,0.16020586363636363
https://github.com/google/flax.git,0,214,17,0.5244755244755245,1.4382284382284383,0.018648018648018648,0.19114219114219114,0.5569690675990676,0.7409432564102564,2953.6060606060605,9.622377622377622,0.45481042424242424,0.35272335664335663,0.37508748251748253,0.42511294638694636
https://github.com/google/ml-metadata.git,0,10,7,0.44,1.52,0.0,0.16,0.34,0.39999995999999993,3819.44,12.04,0.4,0.54133328,0.9199998400000001,0.11333328
https://github.com/google/nucleus.git,0,9,5,0.6785714285714286,2.4285714285714284,0.0,0.17857142857142858,0.13095232142857144,0.6428572857142859,2809.8214285714284,11.857142857142858,0.571428607142857,0.5935374285714287,0.7797618571428571,0.16071428571428573
https://github.com/google/qkeras.git,0,15,7,1.0,2.625,0.025,0.65,0.25937497499999995,0.46249995000000005,2110.675,7.05,0.779166625,0.25187872499999997,0.688690575,0.22425579999999998
https://github.com/google/tf-quant-finance.git,0,12,1,0.08333333333333333,3.4166666666666665,0.16666666666666666,0.16666666666666666,0.0,0.75,7656.916666666667,10.416666666666666,0.083333,0.891892,0.6818179999999999,0.0
https://github.com/graknlabs/kglib.git,0,4,2,0.2,4.2,0.0,1.6,0.3,0.6000002,14853.4,51.6,0.1999998,0.6,0.8000002,0.0
https://github.com/graphbrain/graphbrain.git,0,8,32,0.5434782608695652,2.1956521739130435,0.15217391304347827,0.2391304347826087,0.08333332608695652,0.21739134782608693,40900.84347826079,53.91304347826087,0.5217391521739131,0.44565217391304346,0.5000000217391305,0.021739130434782608
https://github.com/greentfrapp/lucent.git,0,5,1,0.2,5.2,0.0,0.8,0.0,0.8,4028.0,28.8,0.2,0.6,0.7,0.0
https://github.com/guildai/guildai.git,0,2,7,0.75,2.75,0.0,5.125,0.0,0.125,48463.125,133.125,0.75,0.25,0.25,0.0
https://github.com/guillaume-be/rust-bert.git,1,47,20,0.9864864864864865,0.06756756756756757,0.0,0.3918918918918919,0.478564054054054,0.5002251216216217,7111.878378378378,14.891891891891891,0.7084943513513513,0.3000592297297297,0.5140282162162163,0.4885340135135135
https://github.com/hamelsmu/code_search.git,0,2,1,0.0,2.0,1.0,3.0,0.0,0.5,120479.19999999908,19.0,0.0,1.0,1.0,0.0
https://github.com/hanxiao/bert-as-service.git,0,29,3,0.48484848484848486,0.8484848484848485,0.0,0.30303030303030304,0.30014436363636365,0.8209367272727272,2508.3939393939395,15.181818181818182,0.36363636363636365,0.2728011818181818,0.6424243636363637,0.10822515151515151
https://github.com/hasanirtiza/Pedestron.git,1,54,21,0.6352941176470588,1.0,0.0,0.5764705882352941,0.48602489411764715,0.6264706823529412,4072.458823529412,10.423529411764706,0.5049020470588236,0.3972300000000001,0.36764130588235294,0.4156862823529412
https://github.com/hastagAB/Awesome-Python-Scripts.git,1,145,21,1.149171270718232,0.7679558011049724,0.011049723756906077,0.4198895027624309,0.4300569779005525,0.39817447513812154,1487.8563535911603,2.6022099447513813,0.7859226906077349,0.1722517016574586,0.5617649060773481,0.42465445856353595
https://github.com/henrysky/astroNN.git,0,2,23,0.9166666666666666,5.75,0.3333333333333333,1.25,0.020833333333333332,0.041666666666666664,15855.291666666666,49.75,0.9166666666666666,0.0,0.08333333333333333,0.0
https://github.com/heronsystems/adeptRL.git,1,8,10,0.7916666666666666,3.9166666666666665,0.25,1.5,0.20833329166666667,0.3541666666666667,3607.625,10.75,0.729166625,0.3333332916666667,0.6666667083333334,0.24305554166666665
https://github.com/hrpan/tetris_mcts.git,1,4,12,0.75,3.125,0.3125,1.375,0.03125,0.25000006249999995,16324.587499999885,26.625,0.75,0.18749993750000002,0.4375,0.0
https://github.com/hse-aml/natural-language-processing.git,0,2,1,0.0,3.0,0.0,0.5,0.0,0.0,1717.0,3.0,0.0,0.0,1.0,0.0
https://github.com/huggingface/neuralcoref.git,0,11,8,0.8636363636363636,1.2272727272727273,0.045454545454545456,0.6363636363636364,0.5590909090909091,0.27272722727272725,31703.990909090742,4.045454545454546,0.7727272727272727,0.23160168181818183,0.7045454545454546,0.5287879090909091
https://github.com/hunglc007/tensorflow-yolov4-tflite.git,0,13,2,0.75,1.5,0.125,0.5,0.29166681250000004,0.6875003124999999,3790.625,9.9375,0.6249998125,0.41250000000000003,0.42708318749999996,0.21875
https://github.com/hunkim/DeepLearningZeroToAll.git,1,57,12,0.9142857142857143,0.4714285714285714,0.05714285714285714,0.14285714285714285,0.32131871428571424,0.5142857142857142,910.9714285714285,4.785714285714286,0.8142859,0.1503399857142857,0.2760542571428572,0.3097278571428571
https://github.com/hunkim/PyTorchZeroToAll.git,1,13,8,0.8947368421052632,0.0,0.0,0.0,0.28421052631578947,0.3157894210526316,4964.263157894737,6.157894736842105,0.7894736842105263,0.35087721052631576,0.5,0.2631579473684211
https://github.com/huseinzol05/Malaya.git,0,10,30,0.6585365853658537,2.317073170731707,0.7804878048780488,0.3170731707317073,0.2032520243902439,0.25609758536585364,108045.31707317005,22.78048780487805,0.5731707073170731,0.2926829268292683,0.5121951463414635,0.032520341463414634
https://github.com/huseinzol05/NLP-Models-Tensorflow.git,1,3,10,0.6666666666666666,4.583333333333333,0.08333333333333333,1.25,0.08333333333333333,0.16666666666666666,108341.01666666621,22.916666666666668,0.6666666666666666,0.3333333333333333,0.3333333333333333,0.0
https://github.com/hysts/pytorch_image_classification.git,1,1,13,1.0,3.0,0.38461538461538464,0.5384615384615384,0.0,0.0,2943.153846153846,14.23076923076923,1.0,0.0,0.0,0.0
https://github.com/idealo/image-super-resolution.git,1,11,12,0.6785714285714286,0.0,0.0,0.0,0.2321427857142857,0.3601190357142857,795.1785714285714,5.392857142857143,0.6339285714285714,0.32142850000000006,0.6666666428571428,0.1726190357142857
https://github.com/inferno-pytorch/inferno.git,1,22,13,1.1791044776119404,1.7313432835820894,0.0,0.40298507462686567,0.3042110298507463,0.5369936268656718,1759.313432835821,12.432835820895523,0.8471571343283582,0.16367044776119402,0.5145699701492538,0.2645699402985075
https://github.com/interpretml/DiCE.git,1,23,22,1.1129032258064515,2.661290322580645,0.5161290322580645,0.6451612903225806,0.23974649999999997,0.4245776129032258,12697.183870967712,12.758064516129032,0.833947822580645,0.19301074193548387,0.5619048548387096,0.16478488709677416
https://github.com/interpretml/interpret-community.git,1,22,21,0.9104477611940298,2.1343283582089554,0.417910447761194,0.4925373134328358,0.20075753731343285,0.46794446268656714,3705.417910447761,7.253731343283582,0.707541880597015,0.20974377611940295,0.4859188507462686,0.19509588059701496
https://github.com/interpretml/interpret-text.git,1,19,10,1.1944444444444444,2.111111111111111,0.2222222222222222,0.8888888888888888,0.2308081111111111,0.4830808888888889,2760.8055555555557,4.222222222222222,0.8123106666666666,0.11527777777777778,0.44368677777777776,0.24316566666666667
https://github.com/iskandr/fancyimpute.git,1,12,18,0.5142857142857142,1.0857142857142856,0.05714285714285714,0.17142857142857143,0.2428571714285714,0.1714285142857143,664.9714285714285,5.771428571428571,0.5142856857142857,0.17142857142857143,0.5523808857142857,0.11428571428571428
https://github.com/jakeret/tf_unet.git,1,14,13,0.6785714285714286,1.2857142857142858,0.0,0.25,0.3392857142857143,0.26785714285714285,640.9642857142857,7.464285714285714,0.6160714285714286,0.33928560714285716,0.6666668214285714,0.2321428928571429
https://github.com/jantic/DeOldify.git,1,41,23,0.7567567567567568,0.0,0.0,0.0,0.37488594594594593,0.5000000945945946,2509.7027027027025,7.081081081081081,0.5945946216216217,0.3266043918918919,0.563513472972973,0.21584622972972972
https://github.com/jeongyoonlee/Kaggler.git,1,9,24,0.6774193548387096,1.8064516129032258,0.4838709677419355,0.41935483870967744,0.10215051612903227,0.12903222580645163,21904.09677419355,8.193548387096774,0.6774193225806451,0.2903225806451613,0.32258067741935487,0.0
https://github.com/jessevig/bertviz.git,1,6,18,0.7391304347826086,1.7391304347826086,0.0,0.43478260869565216,0.12318843478260869,0.13043473913043477,7325.086956521739,13.391304347826088,0.7391304347826086,0.21739126086956526,0.391304347826087,0.05797104347826087
https://github.com/jettify/pytorch-optimizer.git,1,26,9,0.7272727272727273,1.4090909090909092,0.045454545454545456,0.045454545454545456,0.2764610909090909,0.6363637500000001,406.3181818181818,9.886363636363637,0.5227272727272727,0.4905860454545455,0.5611112500000002,0.11212124999999999
https://github.com/jim-schwoebel/voicebook.git,1,2,11,0.6923076923076923,1.0769230769230769,0.15384615384615385,1.0769230769230769,0.038461538461538464,0.15384615384615385,19390.492307692166,31.153846153846153,0.6923076923076923,0.15384615384615385,0.3076923076923077,0.0
https://github.com/joe-siyuan-qiao/DetectoRS.git,0,103,8,0.6993464052287581,1.0588235294117647,0.006535947712418301,0.45751633986928103,0.6407410457516339,0.6013071960784313,1510.9411764705883,5.333333333333333,0.5947711830065359,0.31403501960784314,0.2524847385620915,0.6251954379084967
https://github.com/joeynmt/joeynmt.git,0,34,21,1.0,1.3563218390804597,0.04597701149425287,0.367816091954023,0.4191570689655174,0.5301405402298849,7731.436781609195,10.39080459770115,0.7689015977011493,0.21342685057471264,0.6177522873563219,0.3844827931034483
https://github.com/jrzaurin/pytorch-widedeep.git,1,10,27,0.6304347826086957,4.195652173913044,0.7608695652173914,1.326086956521739,0.07391302173913043,0.2862318695652174,57201.443478260626,20.67391304347826,0.554347847826087,0.2782608695652174,0.6231884347826088,0.03985506521739131
https://github.com/jtyoui/Jtyoui.git,1,1,2,1.0,0.0,0.0,0.0,0.0,0.0,22.5,2.5,1.0,0.0,0.0,0.0
https://github.com/junyanz/pytorch-CycleGAN-and-pix2pix.git,1,69,24,1.192,0.56,0.032,0.176,0.5166708,0.510000072,173.392,4.208,0.8423999999999999,0.14549574399999998,0.46831739200000005,0.46575331999999997
https://github.com/kakao/buffalo.git,0,30,17,0.7457627118644068,0.0,0.0,0.0,0.2970665423728813,0.5084746101694915,1817.8813559322034,9.220338983050848,0.6779661186440679,0.36016940677966097,0.651977491525424,0.22937857627118644
https://github.com/kakaobrain/torchgpipe.git,1,8,6,0.058823529411764705,2.9411764705882355,0.35294117647058826,0.6470588235294118,0.3980391176470588,0.5294118235294119,2825.6470588235293,20.58823529411765,0.058823529411764705,0.828431294117647,0.9117647058823529,0.11764705882352941
https://github.com/kan-bayashi/PytorchWaveNetVocoder.git,1,2,9,0.8,2.1,0.0,0.5,0.05,0.1,5506.5,38.4,0.8,0.2,0.2,0.0
https://github.com/kaushaltrivedi/fast-bert.git,1,32,18,0.9032258064516129,1.7419354838709677,0.20967741935483872,0.7096774193548387,0.4099461935483871,0.4795699516129033,6583.2806451612605,5.580645161290323,0.7067204193548388,0.23357219354838707,0.5147465806451613,0.34535680645161293
https://github.com/kdexd/virtex.git,1,3,9,0.6363636363636364,2.4545454545454546,0.09090909090909091,0.7272727272727273,0.09090909090909091,0.18181818181818182,5155.363636363636,20.09090909090909,0.6363636363636364,0.0,0.36363636363636365,0.0
https://github.com/keiohta/tf2rl.git,0,5,11,0.045454545454545456,2.227272727272727,0.18181818181818182,0.5,0.1893939090909091,0.4090909545454545,3508.818181818182,27.09090909090909,0.045454545454545456,0.8636363636363636,0.9545454545454546,0.0
https://github.com/keras-team/autokeras.git,1,143,27,1.0276497695852536,1.4654377880184333,0.10138248847926268,0.41935483870967744,0.5810411382488478,0.6299140737327188,2870.3474654377796,6.377880184331797,0.7799238801843319,0.27403753456221197,0.30362088479262667,0.5845659493087557
https://github.com/keras-team/keras-tuner.git,1,61,26,0.8521739130434782,2.0695652173913044,0.12173913043478261,0.6869565217391305,0.4615113391304348,0.6090200086956522,2298.8695652173915,9.452173913043477,0.6661076695652174,0.3759395217391304,0.5663316956521739,0.4894203043478262
https://github.com/kerlomz/captcha_platform.git,1,5,11,0.4666666666666667,3.2,0.0,1.0666666666666667,0.23333333333333334,0.26666666666666666,1528.2666666666667,11.6,0.4666666666666667,0.4,0.5333333333333333,0.0
https://github.com/kermitt2/delft.git,1,11,28,0.5454545454545454,1.0909090909090908,0.06060606060606061,0.48484848484848486,0.18358586363636364,0.4328283181818182,69797.86060606013,14.272727272727273,0.4866161818181819,0.38636363636363635,0.6166667121212122,0.1010100909090909
https://github.com/keunwoochoi/kapre.git,1,12,16,0.4444444444444444,2.0,0.2962962962962963,0.5185185185185185,0.25308644444444445,0.22222225925925923,1120.4074074074074,7.222222222222222,0.4444444444444444,0.22222225925925923,0.7037037037037037,0.09259259259259259
https://github.com/kk7nc/HDLTex.git,1,5,16,1.0,0.8421052631578947,0.10526315789473684,0.21052631578947367,0.1140351052631579,0.15789478947368418,25618.252631578755,13.736842105263158,0.9473684736842106,0.07894736842105263,0.21052636842105263,0.10526315789473684
https://github.com/kk7nc/RMDL.git,1,6,16,0.8095238095238095,1.0,0.14285714285714285,0.3333333333333333,0.06190476190476191,0.23809523809523808,3085.0,18.857142857142858,0.7619047619047619,0.19727880952380952,0.2619047619047619,0.023809523809523808
https://github.com/kleinee/jns.git,0,4,29,0.5675675675675675,0.05405405405405406,0.0,0.0,0.04054054054054054,0.05405405405405406,317.2162162162162,11.27027027027027,0.5675675675675675,0.21621621621621623,0.43243243243243246,0.0
https://github.com/knazeri/edge-connect.git,1,6,6,0.5454545454545454,1.2727272727272727,0.09090909090909091,0.36363636363636365,0.14545454545454548,0.36363636363636365,402.90909090909093,10.545454545454545,0.5454545454545454,0.44155863636363635,0.5,0.09090909090909091
https://github.com/koaning/scikit-lego.git,0,64,26,0.9534883720930233,2.2248062015503876,0.5503875968992248,0.5116279069767442,0.45945620155038763,0.5329826279069768,1655.7441860465117,4.387596899224806,0.6751814728682171,0.3760718449612403,0.45070758139534883,0.4565892015503876
https://github.com/kornia/kornia.git,0,285,28,0.8227091633466136,0.6055776892430279,0.029880478087649404,0.48804780876494025,0.6246807709163347,0.6154904541832669,1461.3067729083666,5.747011952191235,0.6792769940239043,0.2813656792828685,0.28108417529880475,0.6364317231075698
https://github.com/kubeflow-kale/kale.git,1,10,11,0.5806451612903226,2.935483870967742,0.0,1.032258064516129,0.29784938709677417,0.45376338709677416,12623.722580645102,20.774193548387096,0.46881719354838713,0.4381720967741936,0.6505376129032259,0.058064516129032254
https://github.com/kundajelab/deeplift.git,1,11,20,0.4838709677419355,0.5161290322580645,0.06451612903225806,0.0967741935483871,0.26344090322580643,0.34946245161290324,7195.064516129032,17.838709677419356,0.46774190322580644,0.516129,0.6236559677419355,0.021505387096774194
https://github.com/kwotsin/mimicry.git,0,1,6,1.0,3.1666666666666665,0.16666666666666666,1.8333333333333333,0.0,0.0,4305.5,28.0,1.0,0.0,0.0,0.0
https://github.com/l3p-cv/lost.git,0,20,28,0.7333333333333333,0.5888888888888889,0.044444444444444446,0.2222222222222222,0.23555554444444443,0.48259260000000004,18788.522222222222,29.6,0.626296211111111,0.3981260444444444,0.6440741222222223,0.15037035555555553
https://github.com/lab-ml/labml.git,0,9,24,0.4,2.966666666666667,0.16666666666666666,1.15,0.15416666666666667,0.3583333666666667,15470.716666666667,38.46666666666667,0.33749996666666665,0.7033333333333334,0.7527777666666666,0.0111111
https://github.com/learnables/cherry.git,1,10,13,0.8181818181818182,2.909090909090909,0.13636363636363635,0.7727272727272727,0.12727272727272726,0.31818181818181823,3815.2727272727275,16.545454545454547,0.7272727272727273,0.33030295454545455,0.5833332727272726,0.06666663636363636
https://github.com/learnables/learn2learn.git,0,30,12,1.0425531914893618,2.3404255319148937,0.10638297872340426,0.7872340425531915,0.3432623191489362,0.5145389574468086,1771.5531914893618,7.595744680851064,0.7347517446808512,0.29623565957446807,0.4986828936170213,0.290780085106383
https://github.com/leela-zero/leela-zero.git,1,64,12,0.4918032786885246,0.5409836065573771,0.0,0.11475409836065574,0.3096539672131147,0.664959180327869,1139.0819672131147,6.614754098360656,0.4511612049180328,0.5379731885245903,0.5697246803278689,0.31995731147540984
https://github.com/loujie0822/DeepIE.git,0,1,4,1.0,9.5,1.5,6.0,0.0,0.0,76539.5,61.0,1.0,0.0,0.0,0.0
https://github.com/lsds/KungFu.git,1,7,14,0.5,4.1,0.13333333333333333,0.8,0.14722216666666663,0.4444445000000001,5045.866666666667,12.8,0.4000000333333334,0.5999999666666667,0.7222222333333334,0.06666666666666667
https://github.com/lucidrains/reformer-pytorch.git,1,11,10,0.23809523809523808,1.7619047619047619,0.047619047619047616,0.38095238095238093,0.1768707619047619,0.3809524285714285,570.7142857142857,11.238095238095237,0.23809519047619052,0.48571428571428565,0.6507938095238095,0.0
https://github.com/lufficc/SSD.git,1,11,8,0.5789473684210527,1.736842105263158,0.05263157894736842,0.5789473684210527,0.49561410526315797,0.4736843157894736,1068.0,7.421052631578948,0.4736843157894737,0.3684210526315789,0.5614036842105263,0.3157894736842105
https://github.com/lukas/ml-class.git,0,19,16,0.6808510638297872,1.3404255319148937,0.3191489361702128,0.851063829787234,0.24979729787234037,0.46808512765957455,15926.88936170205,13.680851063829786,0.6170212127659573,0.40999357446808504,0.6595745319148937,0.1469604893617021
https://github.com/lukemelas/EfficientNet-PyTorch.git,0,25,8,1.027027027027027,1.135135135135135,0.02702702702702703,0.43243243243243246,0.3553706756756756,0.521691054054054,440.3243243243243,4.378378378378378,0.6917533513513515,0.2039722432432432,0.6164538108108107,0.17657656756756757
https://github.com/lululxvi/deepxde.git,0,81,26,1.0427807486631016,1.2406417112299466,0.016042780748663103,0.0481283422459893,0.49119677540106943,0.5307486577540107,724.3582887700535,6.67379679144385,0.7983574812834224,0.2714907112299465,0.2969676844919786,0.49113259358288763
https://github.com/machine-learning-apps/Issue-Label-Bot.git,1,10,7,0.7,0.8,0.1,0.8,0.3833334,0.39999989999999996,24285.989999999816,8.6,0.55,0.41666679999999995,0.5500002500000001,0.425
https://github.com/maelfabien/Multimodal-Emotion-Recognition.git,1,4,5,0.6666666666666666,3.2222222222222223,0.7777777777777778,1.6666666666666667,0.1111111111111111,0.22222200000000003,88891.35555555494,39.666666666666664,0.5555556666666667,0.388889,0.5555556666666667,0.1111111111111111
https://github.com/magenta/ddsp.git,1,31,17,0.9558823529411765,2.1911764705882355,0.0,0.20588235294117646,0.3731733382352941,0.5006128970588235,1555.9411764705883,6.9411764705882355,0.8000408382352943,0.1763685294117647,0.5014590294117648,0.3545459705882353
https://github.com/magenta/magenta.git,1,156,29,0.928082191780822,0.2534246575342466,0.02054794520547945,0.2945205479452055,0.5356380205479453,0.5633529691780822,4432.8760273972475,4.88013698630137,0.7117130342465753,0.293182808219178,0.3360915582191781,0.5068269931506849
https://github.com/malllabiisc/RESIDE.git,1,5,9,0.7142857142857143,1.5,0.0,0.5714285714285714,0.19642857142857142,0.32142857142857145,9150.214285714286,7.714285714285714,0.5357142857142857,0.2857142857142857,0.595238,0.04761907142857143
https://github.com/mangaki/mangaki.git,0,29,28,0.8125,2.1875,0.15625,0.71875,0.29570927083333337,0.44048859375000005,6542.1708333333145,11.385416666666666,0.66062753125,0.29931001041666666,0.6541915833333334,0.17187498958333333
https://github.com/mapbox/robosat.git,1,15,7,1.1363636363636365,0.7272727272727273,0.045454545454545456,0.3181818181818182,0.3106061363636364,0.4772727272727273,467.3181818181818,6.7272727272727275,0.931818090909091,0.22727277272727278,0.5636363636363636,0.24242431818181817
https://github.com/masa-su/pixyz.git,1,12,16,0.7804878048780488,1.6097560975609757,0.1951219512195122,0.2682926829268293,0.2886178536585366,0.4918699268292683,9046.609756097561,19.24390243902439,0.6422763658536584,0.32520321951219516,0.7560976585365855,0.23983741463414635
https://github.com/materialsvirtuallab/megnet.git,0,10,18,0.27586206896551724,1.5517241379310345,0.017241379310344827,0.20689655172413793,0.12931034482758622,0.25862058620689654,9953.748275862037,19.75862068965517,0.22413793103448276,0.6626437586206897,0.8793103793103448,0.017241379310344827
https://github.com/mdeff/fma.git,1,3,6,0.75,0.875,0.25,0.75,0.0625,0.125,2099.25,25.625,0.75,0.0,0.5,0.0
https://github.com/medipixel/rl_algorithms.git,1,11,14,0.6666666666666666,3.090909090909091,0.2727272727272727,1.4848484848484849,0.3202020303030303,0.27272718181818184,2906.848484848485,5.575757575757576,0.5757575454545455,0.373737393939394,0.7575757878787878,0.27575757575757576
https://github.com/mesutpiskin/computer-vision-guide.git,1,1,5,1.0,1.6,0.0,1.0,0.0,0.0,8899.6,20.6,1.0,0.0,0.0,0.0
https://github.com/michaelhush/M-LOOP.git,1,14,25,0.52,1.76,0.02,0.26,0.16333330000000001,0.17499991999999998,9958.54,13.08,0.485,0.50333332,0.7800000199999999,0.14333333999999998
https://github.com/microsoft/DeepSpeed.git,0,391,23,0.6932367149758454,0.4190821256038647,0.07125603864734299,0.5157004830917874,0.5258081243961352,0.5821256050724638,720.4057971014493,3.4384057971014492,0.6002416570048309,0.2668569903381643,0.24221550603864733,0.4707846606280193
https://github.com/microsoft/EdgeML.git,1,34,19,0.8279569892473119,1.1290322580645162,0.07526881720430108,0.3655913978494624,0.3390424516129032,0.45161291397849473,11737.513978494584,9.56989247311828,0.7526881612903226,0.24051250537634405,0.5318344516129032,0.3024577419354838
https://github.com/microsoft/MMdnn.git,1,82,14,1.0775862068965518,0.5517241379310345,0.04310344827586207,0.27586206896551724,0.675851422413793,0.5982142155172414,1790.5,9.344827586206897,0.892164353448276,0.1792852586206897,0.3963692327586207,0.7020157413793104
https://github.com/microsoft/Windows-Machine-Learning.git,1,54,21,1.0704225352112675,0.035211267605633804,0.0,0.0,0.46050442957746474,0.6203402183098592,7716.235211267592,11.605633802816902,0.8536583450704225,0.1319927746478873,0.3443255140845071,0.47060139436619713
https://github.com/microsoft/ai-edu.git,1,62,22,0.968,0.16,0.136,0.416,0.41111052000000003,0.49678960800000005,23393.61759999988,5.552,0.7947013119999999,0.32328479200000004,0.329447504,0.418333288
https://github.com/microsoft/botbuilder-python.git,1,81,28,1.0900473933649288,0.7014218009478673,0.009478672985781991,0.4881516587677725,0.39218555924170617,0.6179568909952606,4201.014218009479,8.654028436018958,0.7806552274881516,0.34096906161137436,0.38502814218009485,0.4059355924170616
https://github.com/microsoft/hummingbird.git,1,39,19,1.0232558139534884,2.255813953488372,0.26744186046511625,0.4883720930232558,0.3505813720930232,0.4139534651162791,1801.5,5.5813953488372094,0.8279069999999998,0.13836868604651165,0.5968438023255813,0.37306194186046515
https://github.com/microsoft/nni.git,0,190,22,0.5642201834862385,0.786697247706422,0.19036697247706422,1.0160550458715596,0.43737009862385323,0.6225626582568807,6086.824311926601,6.908256880733945,0.43162627981651375,0.5025123555045872,0.42322186697247705,0.45603175917431193
https://github.com/microsoft/tf2-gnn.git,1,6,8,0.0,2.0,0.0,0.42105263157894735,0.16842105263157894,0.3157894736842105,807.6842105263158,11.736842105263158,0.0,0.7105263157894737,1.0,0.0
https://github.com/milvus-io/bootcamp.git,0,2,1,0.0,6.0,1.0,3.0,0.0,0.5,121039.19999999908,5.0,0.0,0.0,1.0,0.0
https://github.com/mittagessen/kraken.git,0,32,41,0.7523809523809524,2.5047619047619047,0.02857142857142857,0.3904761904761905,0.2760997333333333,0.6198866952380953,2628.7238095238095,21.542857142857144,0.47242633333333334,0.39758417142857144,0.6169161333333334,0.1575963714285714
https://github.com/mljar/mljar-supervised.git,0,33,26,0.9682539682539683,1.8571428571428572,0.6349206349206349,0.1746031746031746,0.35061722222222225,0.534127,8582.720634920606,19.666666666666668,0.5888006984126983,0.21408731746031745,0.5606703174603175,0.24988666666666665
https://github.com/mlmed/torchxrayvision.git,1,10,21,0.7096774193548387,2.838709677419355,0.41935483870967744,1.1935483870967742,0.13978493548387097,0.29032251612903226,1882.4193548387098,13.258064516129032,0.6451612258064515,0.1774193548387097,0.4774193548387097,0.025806451612903226
https://github.com/mlperf/inference.git,0,122,28,0.9581881533101045,1.5156794425087108,0.10801393728222997,0.7386759581881533,0.45734190940766556,0.5476001951219511,9039.247386759549,6.2160278745644595,0.6878038606271776,0.37260892682926827,0.3917040034843206,0.4390804146341463
https://github.com/mlperf/training.git,1,62,27,0.984,1.544,0.088,0.856,0.46514426400000003,0.46147641599999994,9290.835199999985,2.848,0.7039479599999999,0.055686296,0.222271792,0.436999136
https://github.com/mnicnc404/CartoonGan-tensorflow.git,1,4,5,0.75,2.875,0.125,1.0,0.20833325000000003,0.124999875,10525.75,40.125,0.75,0.374999875,0.625,0.20833325000000003
https://github.com/molecularsets/moses.git,1,19,12,1.0571428571428572,0.6,0.14285714285714285,0.14285714285714285,0.3583332571428572,0.43666662857142857,21238.96571428561,6.0,0.7890476,0.27193874285714287,0.5676191428571429,0.2992856285714286
https://github.com/mozilla/TTS.git,0,52,13,1.0574712643678161,1.5747126436781609,0.21839080459770116,0.9425287356321839,0.4085465287356322,0.8176530689655171,7329.383908045956,23.160919540229884,0.6240274942528736,0.25820133333333334,0.3898072298850574,0.46965312643678153
https://github.com/mozilla/bugbug.git,0,113,30,0.5644444444444444,1.4133333333333333,0.09777777777777778,0.6977777777777778,0.40114695555555563,0.7427071555555554,1083.16,23.404444444444444,0.4802962044444445,0.4723606800000001,0.5627950577777777,0.27513222222222217
https://github.com/mozilla/fathom.git,1,23,22,0.37735849056603776,0.8301886792452831,0.0,0.16981132075471697,0.27735849056603773,0.4339623018867924,7581.8490566037735,28.830188679245282,0.3584905471698113,0.5169811320754718,0.7672955471698115,0.11320756603773584
https://github.com/mpariente/asteroid.git,1,54,21,0.8585858585858586,2.0303030303030303,0.31313131313131315,0.8484848484848485,0.5397390606060606,0.594511202020202,1268.5252525252524,9.131313131313131,0.6900463838383838,0.3068863636363636,0.24685575757575762,0.4930976262626263
https://github.com/mravanelli/pytorch-kaldi.git,1,14,6,0.7272727272727273,2.227272727272727,0.0,0.8181818181818182,0.2575756818181818,0.4272726818181818,2973.0454545454545,7.181818181818182,0.6454545454545456,0.1893939090909091,0.730303090909091,0.16363636363636364
https://github.com/namisan/mt-dnn.git,1,20,18,0.6458333333333334,2.4166666666666665,0.020833333333333332,1.1041666666666667,0.3706846041666667,0.47916679166666665,9945.729166666666,12.125,0.5416666874999999,0.37326383333333335,0.6597223541666667,0.2083334166666667
https://github.com/nanoporetech/medaka.git,0,22,31,0.7047619047619048,1.0571428571428572,0.06666666666666667,0.2857142857142857,0.2436507142857143,0.3928571142857143,3083.4761904761904,14.123809523809523,0.6061904476190477,0.4409523428571429,0.822539704761905,0.1498412
https://github.com/natethegreate/hent-AI.git,0,49,9,0.625,1.0535714285714286,0.017857142857142856,0.16071428571428573,0.6392608035714286,0.5357143571428571,3445.339285714286,7.607142857142857,0.51785725,0.4211268392857143,0.5599207857142857,0.4505102321428572
https://github.com/nerox8664/pytorch2keras.git,1,13,11,0.6956521739130435,1.9130434782608696,0.043478260869565216,0.4782608695652174,0.19927539130434782,0.43788830434782605,1375.2173913043478,12.26086956521739,0.5372671304347826,0.4057970869565218,0.6480330869565217,0.09782608695652174
https://github.com/nicolas-chaulet/torch-points3d.git,0,27,9,0.4716981132075472,1.7358490566037736,0.41509433962264153,1.2641509433962264,0.4182389622641509,0.6226414905660378,14764.867924528302,26.264150943396228,0.3584905283018868,0.5277271320754716,0.5978029433962264,0.25943396226415094
https://github.com/norse/norse.git,1,26,23,0.7428571428571429,2.057142857142857,0.17142857142857143,0.6,0.2763094857142857,0.4922619428571428,2821.6,5.814285714285714,0.5001190714285714,0.42857142857142855,0.5227551285714286,0.34452381428571427
https://github.com/numenta/nupic.torch.git,1,10,17,0.8181818181818182,1.0909090909090908,0.12121212121212122,0.24242424242424243,0.3510100606060606,0.24242421212121215,1421.6363636363637,8.666666666666666,0.7272727272727273,0.22494172727272727,0.4202021212121212,0.3181818484848485
https://github.com/nussl/nussl.git,1,11,26,0.6607142857142857,0.9464285714285714,0.08928571428571429,0.14285714285714285,0.18184519642857144,0.39642857142857146,6890.571428571428,16.589285714285715,0.47708328571428565,0.4502550714285714,0.6148810357142857,0.08690475
https://github.com/nutonomy/nuscenes-devkit.git,1,38,23,0.9264705882352942,1.0441176470588236,0.1323529411764706,0.5294117647058824,0.41081926470588237,0.3520308529411764,1310.735294117647,3.4411764705882355,0.7195027647058824,0.19558823529411765,0.34299710294117647,0.48284314705882353
https://github.com/nyanp/nyaggle.git,0,10,10,0.42857142857142855,1.4761904761904763,0.3333333333333333,0.5238095238095238,0.15714285714285717,0.3857142857142858,1220.952380952381,14.857142857142858,0.27380952380952384,0.7619047619047619,0.7380952857142857,0.09523804761904761
https://github.com/nyu-mll/jiant.git,1,54,20,1.0148148148148148,2.022222222222222,0.31851851851851853,0.8444444444444444,0.40572660740740746,0.6734753777777778,5397.962962962963,12.296296296296296,0.6134341851851851,0.21055051851851853,0.5286848444444445,0.26609751111111113
https://github.com/onnx/keras-onnx.git,1,16,11,0.725,3.625,0.375,1.0,0.348214325,0.50000005,3294.775,10.575,0.60000005,0.34499982500000004,0.73166665,0.23154762499999998
https://github.com/onnx/onnx-tensorflow.git,1,40,20,0.8105263157894737,2.7263157894736842,0.021052631578947368,0.28421052631578947,0.34624052631578944,0.4947369263157896,1390.4315789473685,7.863157894736842,0.6210525684210526,0.42753359999999996,0.6400000210526317,0.29105251578947366
https://github.com/onnx/onnxmltools.git,1,48,28,0.9619047619047619,2.780952380952381,0.2857142857142857,0.34285714285714286,0.3524716190476191,0.3658352380952381,1714.6,3.2,0.7108088095238096,0.2623636857142857,0.5686697047619048,0.34174599047619053
https://github.com/onnx/tensorflow-onnx.git,1,107,30,0.8638743455497382,1.3926701570680629,0.031413612565445025,0.3089005235602094,0.5232350418848167,0.5734729842931936,2216.8429319371726,15.188481675392671,0.6401396282722512,0.27670498429319373,0.6296563403141362,0.3769769790575916
https://github.com/open-mmlab/mmfashion.git,1,6,10,0.6086956521739131,3.9565217391304346,0.043478260869565216,1.173913043478261,0.17391295652173916,0.17391295652173913,12034.695652173914,11.26086956521739,0.5652173478260869,0.4347825652173913,0.768116043478261,0.07246369565217392
https://github.com/open-mmlab/mmskeleton.git,1,14,10,0.96875,1.46875,0.21875,1.0,0.2984375,0.63385425,8880.90625,18.65625,0.8057291875,0.1982954375,0.65312484375,0.2953125
https://github.com/openseg-group/openseg.pytorch.git,1,4,14,0.9166666666666666,0.7916666666666666,0.125,0.9166666666666666,0.16666666666666666,0.20833337499999996,5147.916666666667,9.625,0.7916666666666666,0.15277783333333333,0.611111125,0.08680554166666667
https://github.com/osmr/imgclsmob.git,0,3,16,0.7777777777777778,2.1666666666666665,1.0555555555555556,2.0555555555555554,0.05555555555555555,0.1388888888888889,63600.38888888889,75.83333333333333,0.75,0.1111111111111111,0.2777777777777778,0.0
https://github.com/ottogroup/palladium.git,0,12,18,0.13636363636363635,0.0,0.18181818181818182,0.7727272727272727,0.18181809090909093,0.2954544318181818,788.7045454545455,8.136363636363637,0.1363635909090909,0.5863636363636364,0.9015151363636363,0.0
https://github.com/ownthink/Jiagu.git,1,4,9,0.7333333333333333,1.7333333333333334,0.0,0.8666666666666667,0.0777778,0.1333332,64326.37333333284,7.133333333333334,0.6666667333333334,0.23333333333333334,0.40000006666666665,0.03333333333333333
https://github.com/parlance/ctcdecode.git,1,17,14,0.775,0.7,0.0,0.2,0.1845833,0.310833225,9723.809999999954,4.7,0.60999995,0.381428475,0.68083335,0.1333333
https://github.com/persephone-tools/persephone.git,1,5,15,0.6,2.76,0.0,1.12,0.08666668,0.31999995999999997,5402.16,37.76,0.52,0.49333324000000006,0.68,0.08000004000000001
https://github.com/philipperemy/deep-speaker.git,1,5,19,0.8260869565217391,1.826086956521739,0.21739130434782608,0.7391304347826086,0.1956521739130435,0.19565213043478263,5563.217391304348,16.0,0.7608695652173914,0.13043473913043477,0.43478260869565216,0.08695652173913043
https://github.com/philipperemy/keract.git,1,13,23,0.7,1.45,0.1,0.2,0.21791670000000002,0.2520833,275.7,10.425,0.62708335,0.342857125,0.595833375,0.1491667
https://github.com/philipperemy/keras-tcn.git,0,19,24,0.8085106382978723,1.0851063829787233,0.0425531914893617,0.1276595744680851,0.2464539361702128,0.48049659574468084,4007.574468085106,12.148936170212766,0.6542553404255319,0.18085097872340425,0.6836880425531915,0.1673759361702128
https://github.com/piEsposito/blitz-bayesian-deep-learning.git,1,16,10,0.625,1.25,0.125,0.125,0.5125000416666666,0.456944375,639.0416666666666,9.75,0.4180555416666667,0.3958333333333333,0.6472222916666667,0.24305558333333332
https://github.com/podgorskiy/ALAE.git,1,4,4,0.8571428571428571,4.571428571428571,0.2857142857142857,1.8571428571428572,0.0,0.42857142857142855,8293.142857142857,41.857142857142854,0.7142857142857143,0.3809525714285714,0.2857142857142857,0.0
https://github.com/priya-dwivedi/Deep-Learning.git,1,1,21,1.0,2.5238095238095237,0.38095238095238093,1.380952380952381,0.0,0.0,70465.67619047593,9.285714285714286,1.0,0.0,0.0,0.0
