project_url,n_dev,truck_factor,gini_commits,proj_failed
https://github.com/1989Ryan/Semantic_SLAM.git,1,1,0.0,1
https://github.com/AFAgarap/cnn-svm.git,2,1,0.03488372093023262,1
https://github.com/AICoE/prometheus-anomaly-detector.git,20,3,0.6177215189873417,1
https://github.com/ARM-software/CMSIS_5.git,106,4,0.862153279613534,1
https://github.com/Adlik/Adlik.git,21,2,0.7049224184055645,1
https://github.com/AntonMu/TrainYourOwnYOLO.git,1,1,0.0,1
https://github.com/BachiLi/redner.git,22,1,0.9035864260583362,1
https://github.com/Belval/TextRecognitionDataGenerator.git,5,1,0.7230769230769232,1
https://github.com/BindsNET/bindsnet.git,4,1,0.44035532994923865,1
https://github.com/BloodAxe/pytorch-toolbelt.git,6,1,0.8272727272727272,1
https://github.com/BrikerMan/Kashgari.git,3,1,0.617283950617284,1
https://github.com/CLUEbenchmark/CLUE.git,25,3,0.7028462998102467,1
https://github.com/Cadene/bootstrap.pytorch.git,8,1,0.6932773109243697,1
https://github.com/Calamari-OCR/calamari.git,17,1,0.8262261924827237,1
https://github.com/ClementPinard/SfmLearner-Pytorch.git,3,1,0.6329113924050633,1
https://github.com/ConvLab/ConvLab.git,12,2,0.5653153153153154,1
https://github.com/CorentinJ/Real-Time-Voice-Cloning.git,18,1,0.8750932140193886,1
https://github.com/CornellNLP/Cornell-Conversational-Analysis-Toolkit.git,26,2,0.8031766867944341,1
https://github.com/CyberZHG/keras-bert.git,3,1,0.6256410256410256,1
https://github.com/DLR-RM/stable-baselines3.git,8,1,0.7210099750623442,1
https://github.com/DSE-MSU/DeepRobust.git,20,2,0.7726107226107226,0
https://github.com/DagnyT/hardnet.git,5,1,0.5233644859813085,1
https://github.com/DigitalSlideArchive/HistomicsTK.git,32,3,0.7853150406504066,1
https://github.com/DongjunLee/kino-bot.git,1,1,0.0,1
https://github.com/EdinburghNLP/nematus.git,39,2,0.779745202386712,1
https://github.com/EpistasisLab/tpot.git,8,1,0.7035714285714285,1
https://github.com/FunctionLab/selene.git,7,1,0.7702029873611644,1
https://github.com/GRAAL-Research/poutyne.git,20,1,0.8974666666666666,1
https://github.com/GoogleCloudPlatform/healthcare.git,28,2,0.8324759655928486,1
https://github.com/GoogleCloudPlatform/ml-on-gcp.git,27,2,0.8173758865248228,1
https://github.com/GoogleCloudPlatform/python-docs-samples.git,655,10,0.8582418215221896,0
https://github.com/GoogleCloudPlatform/tensorflow-without-a-phd.git,13,1,0.8443895553987297,1
https://github.com/Ha0Tang/AttentionGAN.git,3,1,0.564774381368268,1
https://github.com/Ha0Tang/GestureGAN.git,2,1,0.34444444444444455,1
https://github.com/Ha0Tang/SelectionGAN.git,2,1,0.25126903553299496,1
https://github.com/HazyResearch/fonduer.git,8,1,0.7115237366003062,1
https://github.com/HumanCompatibleAI/adversarial-policies.git,6,1,0.5903954802259885,1
https://github.com/IBM/AIX360.git,33,1,0.7894106946239647,1
https://github.com/IBM/lale.git,30,2,0.843683409436834,1
https://github.com/JayYip/bert-multitask-learning.git,9,1,0.866043613707165,1
https://github.com/Kaixhin/Rainbow.git,12,1,0.760351966873706,1
https://github.com/KaiyangZhou/deep-person-reid.git,20,1,0.9191542288557213,1
https://github.com/KevinMusgrave/powerful-benchmarker.git,3,1,0.6639306885544916,1
https://github.com/KevinMusgrave/pytorch-metric-learning.git,44,1,0.9160658928700165,1
https://github.com/LPDI-EPFL/masif.git,6,1,0.7695035460992907,1
https://github.com/LiberAI/NSpM.git,14,2,0.5871670702179177,1
https://github.com/LoSealL/VideoSuperResolution.git,3,1,0.5233918128654971,1
https://github.com/Lyken17/pytorch-OpCounter.git,20,1,0.7894736842105263,1
https://github.com/MAIF/melusine.git,38,3,0.7758913412563666,1
https://github.com/MIC-DKFZ/nnUNet.git,88,1,0.9120709981660988,0
https://github.com/MIC-DKFZ/trixi.git,12,1,0.7669270833333335,1
https://github.com/MIPT-Oulu/solt.git,8,1,0.8135245901639345,0
https://github.com/MarcSkovMadsen/awesome-streamlit.git,15,1,0.864896755162242,1
https://github.com/MaybeShewill-CV/CRNN_Tensorflow.git,11,1,0.7761002248634759,1
https://github.com/MaybeShewill-CV/lanenet-lane-detection.git,8,1,0.8041237113402062,1
https://github.com/MegviiDetection/video_analyst.git,6,2,0.5624635143023935,1
https://github.com/Mini-Conf/Mini-Conf.git,14,2,0.6458966565349544,1
https://github.com/MisaOgura/flashtorch.git,2,1,0.4921259842519685,1
https://github.com/MrGiovanni/ModelsGenesis.git,10,1,0.8435897435897435,0
https://github.com/MycroftAI/mycroft-precise.git,13,1,0.8391115926327195,1
https://github.com/NLeSC/mcfly.git,18,2,0.7192256981900995,0
https://github.com/NVIDIA/Megatron-LM.git,197,6,0.8462681731207877,0
https://github.com/NVIDIA/tacotron2.git,10,1,0.8164179104477611,1
https://github.com/NVIDIAGameWorks/kaolin.git,30,2,0.7457894736842103,0
https://github.com/NVISO-BE/ee-outliers.git,11,1,0.7246838594045604,1
https://github.com/NervanaSystems/distiller.git,26,1,0.877437492523029,1
https://github.com/NeuromorphicProcessorProject/snn_toolbox.git,14,1,0.8297203555170172,1
https://github.com/OUCMachineLearning/OUCML.git,7,1,0.6823940585408477,1
https://github.com/Open-Debin/Emotion-FAN.git,3,2,0.2573099415204678,1
https://github.com/OpenNMT/OpenNMT-py.git,191,5,0.8533153938401241,1
https://github.com/OpenNMT/OpenNMT-tf.git,24,1,0.9442634560906515,1
https://github.com/PacktPublishing/Advanced-Deep-Learning-with-Keras.git,6,1,0.7638580931263856,1
https://github.com/PacktPublishing/Deep-Reinforcement-Learning-Hands-On.git,13,1,0.878048780487805,1
https://github.com/PaddlePaddle/PARL.git,43,2,0.7892582429940174,1
https://github.com/PetrochukM/PyTorch-NLP.git,18,1,0.8763616557734204,1
https://github.com/PhoenixDL/rising.git,11,1,0.7968518307288697,1
https://github.com/adobe/antialiased-cnns.git,4,1,0.7295321637426901,1
https://github.com/advboxes/AdvBox.git,18,1,0.8650353955063097,1
https://github.com/aimacode/aima-python.git,120,5,0.7785944959281101,1
https://github.com/aiqm/torchani.git,7,1,0.7684279191128507,1
https://github.com/aisolab/nlp_classification.git,3,1,0.6578483245149913,1
https://github.com/albumentations-team/albumentations.git,27,2,0.7790091882163495,1
https://github.com/alfredfrancis/ai-chatbot-framework.git,22,1,0.9042138119391339,1
https://github.com/alibaba/ai-matrix.git,7,1,0.7233635929288105,1
https://github.com/allegroai/trains.git,47,1,0.9401719036212486,1
https://github.com/allenai/allennlp.git,151,4,0.8410808695615188,1
https://github.com/alvinwan/neural-backed-decision-trees.git,13,1,0.7954237543278639,1
https://github.com/amaiya/ktrain.git,16,1,0.9217073897497021,1
https://github.com/amansrivastava17/embedding-as-service.git,8,1,0.772875816993464,1
https://github.com/amzn/xfer.git,8,1,0.65375,1
https://github.com/analyticalmindsltd/smote_variants.git,2,1,0.49773242630385495,1
https://github.com/anicolson/DeepXi.git,3,1,0.6415686274509804,1
https://github.com/apache/submarine.git,76,8,0.6742826380890381,1
https://github.com/apachecn/Interview.git,3,1,0.6049382716049383,1
https://github.com/apachecn/pytorch-doc-zh.git,104,1,0.8216986187187425,1
https://github.com/arogozhnikov/einops.git,22,1,0.9047115675022652,1
https://github.com/arogozhnikov/hep_ml.git,3,1,0.6048387096774195,1
https://github.com/arviz-devs/arviz.git,34,3,0.7696204445788599,1
https://github.com/as-ideas/TransformerTTS.git,6,1,0.7336548767416935,1
https://github.com/asappresearch/flambe.git,24,2,0.7602831196581197,1
https://github.com/asappresearch/sru.git,12,1,0.7940476190476191,1
https://github.com/astooke/rlpyt.git,17,1,0.8844193415070947,1
https://github.com/athena-team/athena.git,29,3,0.7279915920124118,1
https://github.com/autorope/donkeycar.git,46,1,0.8760663646525857,1
https://github.com/avrae/avrae.git,37,1,0.9149192975812941,1
https://github.com/baldassarreFe/deep-koalarization.git,7,2,0.6126126126126126,1
https://github.com/batra-mlp-lab/visdial-challenge-starter-pytorch.git,3,1,0.6025641025641026,1
https://github.com/bayesiains/nflows.git,25,2,0.698136645962733,1
https://github.com/beringresearch/ivis.git,8,2,0.7195054945054946,1
https://github.com/bethgelab/foolbox.git,6,1,0.7941176470588234,1
https://github.com/bethgelab/siamese-mask-rcnn.git,2,1,0.05782312925170063,1
https://github.com/beyretb/AnimalAI-Olympics.git,3,1,0.4719101123595506,1
https://github.com/bhoov/exbert.git,6,1,0.7863247863247862,1
https://github.com/biolib/openprotein.git,3,1,0.5439672801635993,1
https://github.com/bitextor/bitextor.git,30,2,0.8398748577929465,1
https://github.com/black0017/MedicalZooPytorch.git,5,2,0.5081967213114755,1
https://github.com/brainiak/brainiak.git,34,1,0.7964415395787945,1
https://github.com/bricewalker/Hey-Jetson.git,3,1,0.4277016742770168,1
https://github.com/broadinstitute/keras-rcnn.git,3,1,0.3508771929824561,1
https://github.com/bureaucratic-labs/dostoevsky.git,5,1,0.6217142857142857,1
https://github.com/calico/basenji.git,9,1,0.8699221514508138,1
https://github.com/carefree0910/MachineLearning.git,3,1,0.6565847511027096,1
https://github.com/catalyst-team/catalyst.git,11,1,0.7301895964997569,1
https://github.com/chuyangliu/snake.git,1,1,0.0,1
https://github.com/cisco/mindmeld.git,29,3,0.7000946585530763,1
https://github.com/cmu-db/ottertune.git,8,2,0.603515625,1
https://github.com/cmusatyalab/OpenTPOD.git,6,2,0.5183823529411764,1
https://github.com/colearninglounge/co-learning-lounge.git,50,2,0.7259710144927536,1
https://github.com/cornellius-gp/gpytorch.git,124,2,0.90740072505119,1
https://github.com/cortexlabs/cortex.git,23,1,0.8487670488718158,1
https://github.com/cpnota/autonomous-learning-library.git,2,1,0.4699248120300752,1
https://github.com/danielegrattarola/spektral.git,12,1,0.8435596170583117,1
https://github.com/danielhanchen/hyperlearn.git,4,1,0.7272727272727273,1
https://github.com/data-science-on-aws/workshop.git,17,1,0.8830241640224554,1
https://github.com/databricks/spark-deep-learning.git,13,4,0.3384615384615386,1
https://github.com/datamllab/rlcard.git,35,2,0.8083538083538084,1
https://github.com/ddbourgin/numpy-ml.git,15,1,0.842528735632184,1
https://github.com/deepfakes/faceswap.git,53,3,0.7291070475820924,1
https://github.com/deepmedic/deepmedic.git,7,1,0.7971781305114638,1
https://github.com/deepmind/dm-haiku.git,79,3,0.8016530002998343,1
https://github.com/deepmind/open_spiel.git,144,4,0.8270837544639849,1
https://github.com/deepmind/sonnet.git,43,2,0.8022674418604652,1
https://github.com/deepmipt/DeepPavlov.git,56,3,0.8419715447154472,1
https://github.com/deepset-ai/FARM.git,29,2,0.7875331564986736,1
https://github.com/deezer/spleeter.git,18,1,0.7724923655156213,1
https://github.com/digantamisra98/Mish.git,4,1,0.7483606557377049,0
https://github.com/dmlc/dgl.git,39,3,0.7471857410881801,1
https://github.com/drscotthawley/panotti.git,3,1,0.6102941176470589,1
https://github.com/dsgiitr/d2l-pytorch.git,25,1,0.7327659574468084,1
https://github.com/dwadden/dygiepp.git,4,1,0.5770676691729324,1
https://github.com/eladhoffer/convNet.pytorch.git,3,1,0.650103519668737,1
https://github.com/eleurent/rl-agents.git,10,1,0.8822109275730621,1
https://github.com/elifesciences/sciencebeam.git,2,1,0.33529411764705874,1
https://github.com/eth-sri/eran.git,20,3,0.6908080808080808,1
https://github.com/evilsocket/pwnagotchi.git,58,3,0.7744655709528414,1
https://github.com/explosion/prodigy-recipes.git,17,3,0.6296918767507003,1
https://github.com/explosion/spacy-transformers.git,15,2,0.8057553956834533,1
https://github.com/f-dangel/backpack.git,8,1,0.7614468864468864,1
https://github.com/facebookresearch/ClassyVision.git,78,3,0.7366910866910867,1
https://github.com/facebookresearch/CrypTen.git,12,2,0.5679487179487179,1
https://github.com/facebookresearch/EGG.git,25,1,0.8687567567567567,1
https://github.com/facebookresearch/ParlAI.git,131,4,0.8805199543699158,1
https://github.com/facebookresearch/ReAgent.git,167,4,0.8377364377943866,0
https://github.com/facebookresearch/habitat-api.git,22,2,0.6836861768368618,1
https://github.com/facebookresearch/mmf.git,120,2,0.8211538461538461,0
https://github.com/facebookresearch/nevergrad.git,55,2,0.8990194449060995,1
https://github.com/facebookresearch/pyrobot.git,3,1,0.6000000000000001,1
https://github.com/facebookresearch/pytext.git,103,8,0.7217957401971853,1
https://github.com/facebookresearch/vilbert-multi-task.git,6,1,0.6751412429378529,1
https://github.com/fastai/fastai.git,123,2,0.8249893025246042,1
https://github.com/fastnlp/fastNLP.git,19,2,0.7342389978036281,1
https://github.com/faustomorales/keras-ocr.git,3,1,0.6095238095238096,1
https://github.com/fbcotter/pytorch_wavelets.git,1,1,0.0,1
https://github.com/feedly/transfer-nlp.git,4,1,0.6444444444444444,1
https://github.com/fepegar/torchio.git,2,1,0.4870129870129871,1
https://github.com/firmai/datagene.git,2,1,0.27142857142857135,1
https://github.com/fizyr/keras-retinanet.git,12,1,0.8123145400593472,1
https://github.com/flairNLP/flair.git,215,1,0.8820962477301397,1
https://github.com/flatironinstitute/CaImAn.git,55,2,0.8833443928334441,1
https://github.com/frankkramer-lab/MIScnn.git,9,1,0.8158177519879648,1
https://github.com/freewym/espresso.git,378,6,0.7737757745988199,1
https://github.com/funcwj/setk.git,2,1,0.49598393574297184,1
https://github.com/geomstats/geomstats.git,92,4,0.8212678227759038,0
https://github.com/geoopt/geoopt.git,3,1,0.6468646864686469,1
https://github.com/geyang/ml_logger.git,5,1,0.7715302491103204,1
https://github.com/gjy3035/C-3-Framework.git,6,1,0.7406015037593985,1
https://github.com/google-research/google-research.git,828,57,0.6601644312419359,0
https://github.com/google-research/meta-dataset.git,10,1,0.7392857142857141,1
https://github.com/google-research/tensor2robot.git,18,2,0.7231598687294889,1
https://github.com/google-research/text-to-text-transfer-transformer.git,13,1,0.7015384615384617,1
https://github.com/google/TensorNetwork.git,15,1,0.7174280879864636,1
https://github.com/google/automl.git,35,1,0.8611125620266389,1
https://github.com/google/clusterfuzz.git,35,2,0.8658081023454158,1
https://github.com/google/fhir.git,24,2,0.7847777777777778,1
https://github.com/google/flax.git,214,4,0.8671507099905817,1
https://github.com/google/ml-metadata.git,10,2,0.6906976744186046,1
https://github.com/google/nucleus.git,9,1,0.7054886211512716,1
https://github.com/google/qkeras.git,15,2,0.6312056737588652,1
https://github.com/google/tf-quant-finance.git,12,2,0.6540000000000001,1
https://github.com/graknlabs/kglib.git,4,1,0.7325581395348837,1
https://github.com/graphbrain/graphbrain.git,8,1,0.846875,1
https://github.com/greentfrapp/lucent.git,5,1,0.7055555555555555,1
https://github.com/guildai/guildai.git,2,1,0.49906103286384984,1
https://github.com/guillaume-be/rust-bert.git,47,1,0.9326949067459551,0
https://github.com/hamelsmu/code_search.git,2,1,0.368421052631579,1
https://github.com/hanxiao/bert-as-service.git,29,1,0.8727372840525844,1
https://github.com/hasanirtiza/Pedestron.git,54,2,0.86368196639077,1
https://github.com/hastagAB/Awesome-Python-Scripts.git,145,3,0.6339263489274471,1
https://github.com/henrysky/astroNN.git,2,1,0.49916247906197664,1
https://github.com/heronsystems/adeptRL.git,8,1,0.8003875968992249,1
https://github.com/hrpan/tetris_mcts.git,4,1,0.7230046948356808,1
https://github.com/hse-aml/natural-language-processing.git,2,1,0.16666666666666674,1
https://github.com/huggingface/neuralcoref.git,11,1,0.73953013278856,1
https://github.com/hunglc007/tensorflow-yolov4-tflite.git,13,1,0.7663280116110305,1
https://github.com/hunkim/DeepLearningZeroToAll.git,57,2,0.7567426027755957,1
https://github.com/hunkim/PyTorchZeroToAll.git,13,1,0.7850098619329389,1
https://github.com/huseinzol05/Malaya.git,10,1,0.8809421841541756,0
https://github.com/huseinzol05/NLP-Models-Tensorflow.git,3,1,0.6593939393939394,1
https://github.com/hysts/pytorch_image_classification.git,1,1,0.0,1
https://github.com/idealo/image-super-resolution.git,11,1,0.7682119205298015,1
https://github.com/inferno-pytorch/inferno.git,22,2,0.792044090363418,1
https://github.com/interpretml/DiCE.git,23,2,0.8464794151596768,0
https://github.com/interpretml/interpret-community.git,22,1,0.8084549195660307,1
https://github.com/interpretml/interpret-text.git,19,3,0.6094182825484764,1
https://github.com/iskandr/fancyimpute.git,12,1,0.8077557755775577,1
https://github.com/jakeret/tf_unet.git,14,1,0.8226247436773753,1
https://github.com/jantic/DeOldify.git,41,1,0.8769316700800596,1
https://github.com/jeongyoonlee/Kaggler.git,9,1,0.8425196850393701,1
https://github.com/jessevig/bertviz.git,6,1,0.8062770562770563,0
https://github.com/jettify/pytorch-optimizer.git,26,1,0.8635720601237842,1
https://github.com/jim-schwoebel/voicebook.git,2,1,0.4950617283950618,1
https://github.com/joe-siyuan-qiao/DetectoRS.git,103,2,0.8191033695031411,1
https://github.com/joeynmt/joeynmt.git,34,2,0.8466293597084853,1
https://github.com/jrzaurin/pytorch-widedeep.git,10,1,0.8348054679284962,0
https://github.com/jtyoui/Jtyoui.git,1,1,0.0,1
https://github.com/junyanz/pytorch-CycleGAN-and-pix2pix.git,69,2,0.8183170772028434,1
https://github.com/kakao/buffalo.git,30,3,0.7386029411764705,0
https://github.com/kakaobrain/torchgpipe.git,8,2,0.6971428571428571,1
https://github.com/kan-bayashi/PytorchWaveNetVocoder.git,2,1,0.49739583333333326,1
https://github.com/kaushaltrivedi/fast-bert.git,32,1,0.8014812138728324,1
https://github.com/kdexd/virtex.git,3,1,0.6576168929110107,1
https://github.com/keiohta/tf2rl.git,5,1,0.6959731543624161,1
https://github.com/keras-team/autokeras.git,143,1,0.8613828368163627,1
https://github.com/keras-team/keras-tuner.git,61,3,0.8622317402385871,1
https://github.com/kerlomz/captcha_platform.git,5,1,0.7747126436781611,1
https://github.com/kermitt2/delft.git,11,1,0.8046709129511678,0
https://github.com/keunwoochoi/kapre.git,12,1,0.8474358974358975,1
https://github.com/kk7nc/HDLTex.git,5,1,0.7754789272030651,1
https://github.com/kk7nc/RMDL.git,6,1,0.8156565656565655,1
https://github.com/kleinee/jns.git,4,1,0.6864508393285371,1
https://github.com/knazeri/edge-connect.git,6,1,0.6954022988505746,1
https://github.com/koaning/scikit-lego.git,64,2,0.8019545053003534,0
https://github.com/kornia/kornia.git,285,3,0.8577968317674602,0
https://github.com/kubeflow-kale/kale.git,10,1,0.7885093167701862,1
https://github.com/kundajelab/deeplift.git,11,1,0.8824593128390597,1
https://github.com/kwotsin/mimicry.git,1,1,0.0,1
https://github.com/l3p-cv/lost.git,20,2,0.7879129129129128,0
https://github.com/lab-ml/labml.git,9,1,0.7106682072020027,1
https://github.com/learnables/cherry.git,10,1,0.8714285714285714,0
https://github.com/learnables/learn2learn.git,30,1,0.8398692810457515,1
https://github.com/leela-zero/leela-zero.git,64,2,0.8301386307311029,1
https://github.com/loujie0822/DeepIE.git,1,1,0.0,1
https://github.com/lsds/KungFu.git,7,1,0.7254464285714286,1
https://github.com/lucidrains/reformer-pytorch.git,11,1,0.849768875192604,1
https://github.com/lufficc/SSD.git,11,1,0.8020631850419084,1
https://github.com/lukas/ml-class.git,19,1,0.8368666612097897,1
https://github.com/lukemelas/EfficientNet-PyTorch.git,25,2,0.7456790123456789,1
https://github.com/lululxvi/deepxde.git,81,1,0.8742481798037354,0
https://github.com/machine-learning-apps/Issue-Label-Bot.git,10,1,0.7953488372093023,1
https://github.com/maelfabien/Multimodal-Emotion-Recognition.git,4,1,0.5203081232492996,1
https://github.com/magenta/ddsp.git,31,2,0.7782941498086386,1
https://github.com/magenta/magenta.git,156,3,0.8216059379217273,0
https://github.com/malllabiisc/RESIDE.git,5,1,0.7333333333333334,1
https://github.com/mangaki/mangaki.git,29,2,0.8325709057639523,1
https://github.com/mapbox/robosat.git,15,1,0.6972972972972973,1
https://github.com/masa-su/pixyz.git,12,1,0.8488593155893538,1
https://github.com/materialsvirtuallab/megnet.git,10,2,0.6759162303664921,1
https://github.com/mdeff/fma.git,3,1,0.6471544715447155,1
https://github.com/medipixel/rl_algorithms.git,11,2,0.6383399209486167,1
https://github.com/mesutpiskin/computer-vision-guide.git,1,1,0.0,1
https://github.com/michaelhush/M-LOOP.git,14,2,0.7540410659676715,1
https://github.com/microsoft/DeepSpeed.git,391,8,0.7872692303200659,0
https://github.com/microsoft/EdgeML.git,34,2,0.8011896893588897,1
https://github.com/microsoft/MMdnn.git,82,3,0.8314958149581495,1
https://github.com/microsoft/Windows-Machine-Learning.git,54,4,0.7955996044588276,1
https://github.com/microsoft/ai-edu.git,62,3,0.7834433392209723,1
https://github.com/microsoft/botbuilder-python.git,81,3,0.8003326437061375,0
https://github.com/microsoft/hummingbird.git,39,2,0.8357905982905984,1
https://github.com/microsoft/nni.git,190,6,0.840557069965751,1
https://github.com/microsoft/tf2-gnn.git,6,1,0.6225710014947683,1
https://github.com/milvus-io/bootcamp.git,2,1,0.30000000000000004,0
https://github.com/mittagessen/kraken.git,32,1,0.9292937665782492,0
https://github.com/mljar/mljar-supervised.git,33,1,0.9139335241030158,0
https://github.com/mlmed/torchxrayvision.git,10,1,0.8527980535279804,0
https://github.com/mlperf/inference.git,122,6,0.7864901124751893,0
https://github.com/mlperf/training.git,62,3,0.6721638274737223,0
https://github.com/mnicnc404/CartoonGan-tensorflow.git,4,1,0.5085669781931463,1
https://github.com/molecularsets/moses.git,19,2,0.7007518796992482,1
https://github.com/mozilla/TTS.git,52,1,0.9221702615002865,1
https://github.com/mozilla/bugbug.git,113,2,0.9425434159359256,0
https://github.com/mozilla/fathom.git,23,1,0.9005804689278398,1
https://github.com/mpariente/asteroid.git,54,1,0.9007702392658143,1
https://github.com/mravanelli/pytorch-kaldi.git,14,2,0.7079566003616637,1
https://github.com/namisan/mt-dnn.git,20,1,0.8635738831615121,1
https://github.com/nanoporetech/medaka.git,22,1,0.8667627045914301,1
https://github.com/natethegreate/hent-AI.git,49,2,0.8195841716968477,1
https://github.com/nerox8664/pytorch2keras.git,13,1,0.8581560283687943,1
https://github.com/nicolas-chaulet/torch-points3d.git,27,2,0.8490847169008089,1
https://github.com/norse/norse.git,26,2,0.8470043470043469,0
https://github.com/numenta/nupic.torch.git,10,1,0.6279720279720278,1
https://github.com/nussl/nussl.git,11,2,0.6761914081612683,1
https://github.com/nutonomy/nuscenes-devkit.git,38,1,0.7404408457040035,1
https://github.com/nyanp/nyaggle.git,10,1,0.7711538461538461,1
https://github.com/nyu-mll/jiant.git,54,4,0.7692771084337349,1
https://github.com/onnx/keras-onnx.git,16,1,0.8467789598108748,1
https://github.com/onnx/onnx-tensorflow.git,40,2,0.8280120481927711,1
https://github.com/onnx/onnxmltools.git,48,3,0.7470238095238095,0
https://github.com/onnx/tensorflow-onnx.git,107,5,0.8641364402220313,0
https://github.com/open-mmlab/mmfashion.git,6,2,0.5630630630630631,1
https://github.com/open-mmlab/mmskeleton.git,14,1,0.8536731275424743,1
https://github.com/openseg-group/openseg.pytorch.git,4,1,0.4772727272727273,1
https://github.com/osmr/imgclsmob.git,3,1,0.6652014652014653,1
https://github.com/ottogroup/palladium.git,12,1,0.8016759776536313,1
https://github.com/ownthink/Jiagu.git,4,1,0.6004672897196262,1
https://github.com/parlance/ctcdecode.git,17,2,0.7578222778473092,1
https://github.com/persephone-tools/persephone.git,5,1,0.6470338983050847,1
https://github.com/philipperemy/deep-speaker.git,5,1,0.7673913043478262,1
https://github.com/philipperemy/keract.git,13,1,0.8585131894484412,1
https://github.com/philipperemy/keras-tcn.git,19,1,0.8918794358927091,1
https://github.com/piEsposito/blitz-bayesian-deep-learning.git,16,1,0.8600427350427351,1
https://github.com/podgorskiy/ALAE.git,4,1,0.7397610921501707,1
https://github.com/priya-dwivedi/Deep-Learning.git,1,1,0.0,1
